x,y
-5.57000000,27.63197710
-5.56900000,27.39280597
-5.56800000,27.15535552
-5.56700000,26.91960900
-5.56600000,26.68554984
-5.56500000,26.45316168
-5.56400000,26.22242835
-5.56300000,25.99333387
-5.56200000,25.76586243
-5.56100000,25.53999844
-5.56000000,25.31572646
-5.55900000,25.09303124
-5.55800000,24.87189773
-5.55700000,24.65231104
-5.55600000,24.43425644
-5.55500000,24.21771939
-5.55400000,24.00268553
-5.55300000,23.78914065
-5.55200000,23.57707072
-5.55100000,23.36646186
-5.55000000,23.15730038
-5.54900000,22.94957271
-5.54800000,22.74326549
-5.54700000,22.53836547
-5.54600000,22.33485958
-5.54500000,22.13273492
-5.54400000,21.93197870
-5.54300000,21.73257833
-5.54200000,21.53452132
-5.54100000,21.33779537
-5.54000000,21.14238830
-5.53900000,20.94828808
-5.53800000,20.75548283
-5.53700000,20.56396081
-5.53600000,20.37371041
-5.53500000,20.18472018
-5.53400000,19.99697877
-5.53300000,19.81047501
-5.53200000,19.62519784
-5.53100000,19.44113632
-5.53000000,19.25827967
-5.52900000,19.07661722
-5.52800000,18.89613845
-5.52700000,18.71683294
-5.52600000,18.53869042
-5.52500000,18.36170073
-5.52400000,18.18585384
-5.52300000,18.01113985
-5.52200000,17.83754897
-5.52100000,17.66507154
-5.52000000,17.49369800
-5.51900000,17.32341893
-5.51800000,17.15422503
-5.51700000,16.98610710
-5.51600000,16.81905605
-5.51500000,16.65306293
-5.51400000,16.48811888
-5.51300000,16.32421516
-5.51200000,16.15165394
-5.51100000,15.98991220
-5.51000000,15.82918399
-5.50900000,15.66946103
-5.50800000,15.51073514
-5.50700000,15.35299824
-5.50600000,15.19624239
-5.50500000,15.04045971
-5.50400000,14.88564244
-5.50300000,14.73178295
-5.50200000,14.57887367
-5.50100000,14.42690716
-5.50000000,14.27587606
-5.49900000,14.12577313
-5.49800000,13.97659122
-5.49700000,13.82832328
-5.49600000,13.68096236
-5.49500000,13.53450160
-5.49400000,13.38893423
-5.49300000,13.24425361
-5.49200000,13.10045316
-5.49100000,12.95752640
-5.49000000,12.81546697
-5.48900000,12.67426857
-5.48800000,12.53392501
-5.48700000,12.39443019
-5.48600000,12.25577811
-5.48500000,12.11796285
-5.48400000,11.98097859
-5.48300000,11.84481958
-5.48200000,11.70948019
-5.48100000,11.57495487
-5.48000000,11.44123814
-5.47900000,11.30832462
-5.47800000,11.17620904
-5.47700000,11.04488619
-5.47600000,10.91435097
-5.47500000,10.78459833
-5.47400000,10.65562335
-5.47300000,10.52742117
-5.47200000,10.39998704
-5.47100000,10.27331626
-5.47000000,10.14740425
-5.46900000,10.02224650
-5.46800000,9.89783859
-5.46700000,9.77417617
-5.46600000,9.65125501
-5.46500000,9.52907092
-5.46400000,9.40761983
-5.46300000,9.28689773
-5.46200000,9.16690072
-5.46100000,9.04762496
-5.46000000,8.92906670
-5.45900000,8.81122229
-5.45800000,8.69408813
-5.45700000,8.57766074
-5.45600000,8.46193670
-5.45500000,8.34691269
-5.45400000,8.23258545
-5.45300000,8.11895183
-5.45200000,8.00600875
-5.45100000,7.89375321
-5.45000000,7.78218230
-5.44900000,7.67129319
-5.44800000,7.56108314
-5.44700000,7.45154949
-5.44600000,7.34268965
-5.44500000,7.23450115
-5.44400000,7.12698155
-5.44300000,7.02012855
-5.44200000,6.91393990
-5.44100000,6.80841344
-5.44000000,6.70354711
-5.43900000,6.59933890
-5.43800000,6.49578693
-5.43700000,6.39288938
-5.43600000,6.29064450
-5.43500000,6.18905067
-5.43400000,6.08810632
-5.43300000,5.98780997
-5.43200000,5.88816024
-5.43100000,5.78915584
-5.43000000,5.69079554
-5.42900000,5.59307823
-5.42800000,5.49600287
-5.42700000,5.39956851
-5.42600000,5.30377430
-5.42500000,5.20861946
-5.42400000,5.11410332
-5.42300000,5.02022529
-5.42200000,4.92698488
-5.42100000,4.83438167
-5.42000000,4.74241535
-5.41900000,4.65108571
-5.41800000,4.56039262
-5.41700000,4.47033604
-5.41600000,4.38091602
-5.41500000,4.29213274
-5.41400000,4.20398644
-5.41300000,4.11647746
-5.41200000,4.02960625
-5.41100000,3.94337336
-5.41000000,3.85777943
-5.40900000,3.77282519
-5.40800000,3.68851149
-5.40700000,3.60483926
-5.40600000,3.52180957
-5.40500000,3.43942354
-5.40400000,3.35768243
-5.40300000,3.27658759
-5.40200000,3.19614049
-5.40100000,3.11634269
-5.40000000,3.03719586
-5.39900000,2.95870179
-5.39800000,2.88086237
-5.39700000,2.80367960
-5.39600000,2.72715559
-5.39500000,2.65129258
-5.39400000,2.57609289
-5.39300000,2.50155900
-5.39200000,2.42769346
-5.39100000,2.35449897
-5.39000000,2.28197833
-5.38900000,2.21013448
-5.38800000,2.13897045
-5.38700000,2.06848944
-5.38600000,1.99869472
-5.38500000,1.92958972
-5.38400000,1.86117799
-5.38300000,1.79346321
-5.38200000,1.72644918
-5.38100000,1.66013983
-5.38000000,1.59453925
-5.37900000,1.52965163
-5.37800000,1.46548131
-5.37700000,1.40203278
-5.37600000,1.33931066
-5.37500000,1.27731969
-5.37400000,1.21606479
-5.37300000,1.15555101
-5.37200000,1.09578353
-5.37100000,1.03676770
-5.37000000,0.97850902
-5.36900000,0.92101313
-5.36800000,0.86428583
-5.36700000,0.80833308
-5.36600000,0.75316100
-5.36500000,0.69877585
-5.36400000,0.64518409
-5.36300000,0.59239231
-5.36200000,0.54040729
-5.36100000,0.48923597
-5.36000000,0.43888547
-5.35900000,0.38936307
-5.35800000,0.34067624
-5.35700000,0.29283262
-5.35600000,0.24584005
-5.35500000,0.19970653
-5.35400000,0.15444027
-5.35300000,0.11004965
-5.35200000,0.06654326
-5.35100000,0.02392987
-5.35000000,-0.01778154
-5.34900000,-0.05858179
-5.34800000,-0.09846150
-5.34700000,-0.13741108
-5.34600000,-0.17542072
-5.34500000,-0.21248043
-5.34400000,-0.24857995
-5.34300000,-0.28370885
-5.34200000,-0.31785645
-5.34100000,-0.35101185
-5.34000000,-0.38316391
-5.33900000,-0.41430127
-5.33800000,-0.44441232
-5.33700000,-0.47348523
-5.33600000,-0.50150789
-5.33500000,-0.52846798
-5.33400000,-0.55435289
-5.33300000,-0.57914979
-5.33200000,-0.60284556
-5.33100000,-0.62542683
-5.33000000,-0.64687995
-5.32900000,-0.66719101
-5.32800000,-0.68634581
-5.32700000,-0.70432987
-5.32600000,-0.72112844
-5.32500000,-0.73672646
-5.32400000,-0.75110857
-5.32300000,-0.76425912
-5.32200000,-0.77616216
-5.32100000,-0.78680142
-5.32000000,-0.79616030
-5.31900000,-0.80422191
-5.31800000,-0.81096901
-5.31700000,-0.81638404
-5.31600000,-0.82044909
-5.31500000,-0.82314592
-5.31400000,-0.82445594
-5.31300000,-0.82436020
-5.31200000,-0.82283938
-5.31100000,-0.81987383
-5.31000000,-0.81544348
-5.30900000,-0.80952791
-5.30800000,-0.80210631
-5.30700000,-0.79315748
-5.30600000,-0.78265982
-5.30500000,-0.77059131
-5.30400000,-0.75692954
-5.30300000,-0.74165168
-5.30200000,-0.72473445
-5.30100000,-0.70615416
-5.30000000,-0.68588667
-5.29900000,-0.66390739
-5.29800000,-0.64019127
-5.29700000,-0.61471282
-5.29600000,-0.58744604
-5.29500000,-0.55836448
-5.29400000,-0.52744118
-5.29300000,-0.49464871
-5.29200000,-0.45995909
-5.29100000,-0.42334387
-5.29000000,-0.38477405
-5.28900000,-0.34422011
-5.28800000,-0.30165197
-5.28700000,-0.25703902
-5.28600000,-0.21035007
-5.28500000,-0.16155337
-5.28400000,-0.11061657
-5.28300000,-0.05750676
-5.28200000,-0.00219039
-5.28100000,0.05536667
-5.28000000,0.11519921
-5.27900000,0.17734262
-5.27800000,0.24183295
-5.27700000,0.30870693
-5.27600000,0.37800194
-5.27500000,0.44975604
-5.27400000,0.52400799
-5.27300000,0.60079726
-5.27200000,0.68016404
-5.27100000,0.76214925
-5.27000000,0.84679457
-5.26900000,0.93414243
-5.26800000,1.02423602
-5.26700000,1.11711934
-5.26600000,1.21283720
-5.26500000,1.31143519
-5.26400000,1.41295978
-5.26300000,1.51745825
-5.26200000,1.62497876
-5.26100000,1.73557035
-5.26000000,1.84928296
-5.25900000,1.96616743
-5.25800000,2.08627553
-5.25700000,2.20965999
-5.25600000,2.33637449
-5.25500000,2.46647371
-5.25400000,2.60001331
-5.25300000,2.73704998
-5.25200000,2.87764144
-5.25100000,3.02184649
-5.25000000,3.16972498
-5.24900000,3.32133787
-5.24800000,3.47674725
-5.24700000,3.63601632
-5.24600000,3.79920947
-5.24500000,3.96639227
-5.24400000,4.13763148
-5.24300000,4.31299509
-5.24200000,4.49255237
-5.24100000,4.67637382
-5.24000000,4.86453129
-5.23900000,5.05709792
-5.23800000,5.25414821
-5.23700000,5.45575805
-5.23600000,5.66200470
-5.23500000,5.87296689
-5.23400000,6.08872478
-5.23300000,6.30936002
-5.23200000,6.53495579
-5.23100000,6.76559680
-5.23000000,7.00136934
-5.22900000,7.24236128
-5.22800000,7.48866217
-5.22700000,7.74036320
-5.22600000,7.99755725
-5.22500000,8.26033897
-5.22400000,8.52880474
-5.22300000,8.80305276
-5.22200000,9.08318306
-5.22100000,9.36929756
-5.22000000,9.66150008
-5.21900000,9.95989638
-5.21800000,10.26459422
-5.21700000,10.57570338
-5.21600000,10.89333571
-5.21500000,11.21760517
-5.21400000,11.54862787
-5.21300000,11.88652211
-5.21200000,12.23140842
-5.21100000,12.58340963
-5.21000000,12.94265088
-5.20900000,13.30925970
-5.20800000,13.68336602
-5.20700000,14.06510228
-5.20600000,14.45460339
-5.20500000,14.85200689
-5.20400000,15.25745288
-5.20300000,15.67108420
-5.20200000,16.09304639
-5.20100000,16.52348778
-5.20000000,16.96255954
-5.19900000,17.41041576
-5.19800000,17.86721350
-5.19700000,18.33311281
-5.19600000,18.80827685
-5.19500000,19.29287193
-5.19400000,19.78706757
-5.19300000,20.29103659
-5.19200000,20.80495511
-5.19100000,21.32900274
-5.19000000,21.86336252
-5.18900000,22.40822108
-5.18800000,22.96376869
-5.18700000,23.53019934
-5.18600000,24.10771078
-5.18500000,24.69650468
-5.18400000,25.29678661
-5.18300000,25.90876623
-5.18200000,26.53265728
-5.18100000,27.16867774
-5.18000000,27.81704987
-5.17900000,28.47800032
-5.17800000,29.15176024
-5.17700000,29.83856534
-5.17600000,30.53865603
-5.17500000,31.25227748
-5.17400000,31.97967974
-5.17300000,32.72111786
-5.17200000,33.47685198
-5.17100000,34.24714743
-2.65172200,26.90281283
-2.65171200,26.75372729
-2.65170200,26.60521927
-2.65169200,26.45728729
-2.65168200,26.30992988
-2.65167200,26.16314558
-2.65166200,26.01693293
-2.65165200,25.87129046
-2.65164200,25.72621672
-2.65163200,25.58171026
-2.65162200,25.43776962
-2.65161200,25.29439335
-2.65160200,25.15158002
-2.65159200,25.00932817
-2.65158200,24.86763638
-2.65157200,24.72650321
-2.65156200,24.58592722
-2.65155200,24.44590699
-2.65154200,24.30644108
-2.65153200,24.16752809
-2.65152200,24.02916659
-2.65151200,23.89135516
-2.65150200,23.75409239
-2.65149200,23.61737687
-2.65148200,23.48120719
-2.65147200,23.34558194
-2.65146200,23.21049974
-2.65145200,23.07595917
-2.65144200,22.94195885
-2.65143200,22.80849738
-2.65142200,22.67557337
-2.65141200,22.54318544
-2.65140200,22.41133220
-2.65139200,22.28001227
-2.65138200,22.14922429
-2.65137200,22.01896686
-2.65136200,21.88923863
-2.65135200,21.76003822
-2.65134200,21.63136427
-2.65133200,21.50321542
-2.65132200,21.37559031
-2.65131200,21.24848758
-2.65130200,21.12190587
-2.65129200,20.99584385
-2.65128200,20.87030016
-2.65127200,20.74527345
-2.65126200,20.62076239
-2.65125200,20.49676564
-2.65124200,20.37328186
-2.65123200,20.25030972
-2.65122200,20.12784789
-2.65121200,20.00589504
-2.65120200,19.88444985
-2.65119200,19.76351100
-2.65118200,19.64307717
-2.65117200,19.52314704
-2.65116200,19.40371930
-2.65115200,19.28479265
-2.65114200,19.16636577
-2.65113200,19.04843736
-2.65112200,18.93100613
-2.65111200,18.81407077
-2.65110200,18.69762998
-2.65109200,18.58168248
-2.65108200,18.46622697
-2.65107200,18.35126218
-2.65106200,18.23678681
-2.65105200,18.12279958
-2.65104200,18.00929921
-2.65103200,17.89628444
-2.65102200,17.78375398
-2.65101200,17.67170657
-2.65100200,17.56014094
-2.65099200,17.44905582
-2.65098200,17.33844996
-2.65097200,17.22832209
-2.65096200,17.11867096
-2.65095200,17.00949531
-2.65094200,16.90079390
-2.65093200,16.79256547
-2.65092200,16.68480879
-2.65091200,16.57752260
-2.65090200,16.47070567
-2.65089200,16.36435677
-2.65088200,16.25847465
-2.65087200,16.15305809
-2.65086200,16.04810585
-2.65085200,15.94361672
-2.65084200,15.83958946
-2.65083200,15.73602286
-2.65082200,15.63291570
-2.65081200,15.53026676
-2.65080200,15.42807483
-2.65079200,15.32633870
-2.65078200,15.22505717
-2.65077200,15.12422902
-2.65076200,15.02385306
-2.65075200,14.92392809
-2.65074200,14.82445290
-2.65073200,14.72542631
-2.65072200,14.62684713
-2.65071200,14.52871416
-2.65070200,14.43102621
-2.65069200,14.33378212
-2.65068200,14.23698068
-2.65067200,14.14062073
-2.65066200,14.04470109
-2.65065200,13.94922059
-2.65064200,13.85417805
-2.65063200,13.75957231
-2.65062200,13.66540220
-2.65061200,13.57166656
-2.65060200,13.47836423
-2.65059200,13.38549405
-2.65058200,13.29305486
-2.65057200,13.20104552
-2.65056200,13.10946486
-2.65055200,13.01831176
-2.65054200,12.92758505
-2.65053200,12.83728359
-2.65052200,12.74740626
-2.65051200,12.65795190
-2.65050200,12.56891939
-2.65049200,12.48030758
-2.65048200,12.39211536
-2.65047200,12.30434160
-2.65046200,12.21698516
-2.65045200,12.13004493
-2.65044200,12.04351978
-2.65043200,11.95740860
-2.65042200,11.87171028
-2.65041200,11.78642370
-2.65040200,11.70154775
-2.65039200,11.61708132
-2.65038200,11.53302331
-2.65037200,11.44937261
-2.65036200,11.36612813
-2.65035200,11.28328876
-2.65034200,11.20085342
-2.65033200,11.11882100
-2.65032200,11.03719043
-2.65031200,10.95596060
-2.65030200,10.87513043
-2.65029200,10.79469885
-2.65028200,10.71466476
-2.65027200,10.63502710
-2.65026200,10.55578478
-2.65025200,10.47693673
-2.65024200,10.39848188
-2.65023200,10.32041916
-2.65022200,10.24274751
-2.65021200,10.16546585
-2.65020200,10.08857313
-2.65019200,10.01206829
-2.65018200,9.93595027
-2.65017200,9.86021802
-2.65016200,9.78487048
-2.65015200,9.70990661
-2.65014200,9.63532535
-2.65013200,9.56112566
-2.65012200,9.48730650
-2.65011200,9.41386682
-2.65010200,9.34080559
-2.65009200,9.26812178
-2.65008200,9.19581434
-2.65007200,9.12388225
-2.65006200,9.05232448
-2.65005200,8.98113999
-2.65004200,8.91032778
-2.65003200,8.83988680
-2.65002200,8.76981605
-2.65001200,8.70011451
-2.65000200,8.63078115
-2.64999200,8.56181497
-2.64998200,8.49321496
-2.64997200,8.42498011
-2.64996200,8.35710940
-2.64995200,8.28960185
-2.64994200,8.22245643
-2.64993200,8.15567216
-2.64992200,8.08924804
-2.64991200,8.02318307
-2.64990200,7.95747626
-2.64989200,7.89212662
-2.64988200,7.82713316
-2.64987200,7.76249489
-2.64986200,7.69821083
-2.64985200,7.63428000
-2.64984200,7.57070141
-2.64983200,7.50747410
-2.64982200,7.44459708
-2.64981200,7.38206938
-2.64980200,7.31989003
-2.64979200,7.25805806
-2.64978200,7.19657251
-2.64977200,7.13543241
-2.64976200,7.07463680
-2.64975200,7.01418471
-2.64974200,6.95407520
-2.64973200,6.89430730
-2.64972200,6.83488006
-2.64971200,6.77579253
-2.64970200,6.71704376
-2.64969200,6.65863280
-2.64968200,6.60055871
-2.64967200,6.54282054
-2.64966200,6.48541736
-2.64965200,6.42834822
-2.64964200,6.37161219
-2.64963200,6.31520834
-2.64962200,6.25913572
-2.64961200,6.20339342
-2.64960200,6.14798050
-2.64959200,6.09289603
-2.64958200,6.03813910
-2.64957200,5.98370878
-2.64956200,5.92960415
-2.64955200,5.87582429
-2.64954200,5.82236829
-2.64953200,5.76923524
-2.64952200,5.71642421
-2.64951200,5.66393431
-2.64950200,5.61176463
-2.64949200,5.55991425
-2.64948200,5.50838228
-2.64947200,5.45716781
-2.64946200,5.40626995
-2.64945200,5.35568780
-2.64944200,5.30542046
-2.64943200,5.25546704
-2.64942200,5.20582665
-2.64941200,5.15649840
-2.64940200,5.10748140
-2.64939200,5.05877477
-2.64938200,5.01037762
-2.64937200,4.96228907
-2.64936200,4.91450825
-2.64935200,4.86703428
-2.64934200,4.81986627
-2.64933200,4.77300337
-2.64932200,4.72644469
-2.64931200,4.68018937
-2.64930200,4.63423654
-2.64929200,4.58858533
-2.64928200,4.54323489
-2.64927200,4.49818435
-2.64926200,4.45343285
-2.64925200,4.40897953
-2.64924200,4.36482354
-2.64923200,4.32096402
-2.64922200,4.27740013
-2.64921200,4.23413101
-2.64920200,4.19115582
-2.64919200,4.14847371
-2.64918200,4.10608383
-2.64917200,4.06398535
-2.64916200,4.02217742
-2.64915200,3.98065921
-2.64914200,3.93942987
-2.64913200,3.89848858
-2.64912200,3.85783451
-2.64911200,3.81746682
-2.64910200,3.77738468
-2.64909200,3.73758726
-2.64908200,3.69807375
-2.64907200,3.65884332
-2.64906200,3.61989515
-2.64905200,3.58122841
-2.64904200,3.54284230
-2.64903200,3.50473599
-2.64902200,3.46690868
-2.64901200,3.42935954
-2.64900200,3.39208778
-2.64899200,3.35509257
-2.64898200,3.31837313
-2.64897200,3.28192864
-2.64896200,3.24575829
-2.64895200,3.20986130
-2.64894200,3.17423685
-2.64893200,3.13888416
-2.64892200,3.10380243
-2.64891200,3.06899086
-2.64890200,3.03444866
-2.64889200,3.00017505
-2.64888200,2.96616923
-2.64887200,2.93243042
-2.64886200,2.89895783
-2.64885200,2.86575069
-2.64884200,2.83280821
-2.64883200,2.80012961
-2.64882200,2.76771412
-2.64881200,2.73556095
-2.64880200,2.70366935
-2.64879200,2.67203852
-2.64878200,2.64066772
-2.64877200,2.60955615
-2.64876200,2.57870307
-2.64875200,2.54810770
-2.64874200,2.51776929
-2.64873200,2.48768707
-2.64872200,2.45786027
-2.64871200,2.42828815
-2.64870200,2.39896995
-2.64869200,2.36990492
-2.64868200,2.34109229
-2.64867200,2.31253132
-2.64866200,2.28422127
-2.64865200,2.25616137
-2.64864200,2.22835090
-2.64863200,2.20078910
-2.64862200,2.17347524
-2.64861200,2.14640856
-2.64860200,2.11958834
-2.64859200,2.09301383
-2.64858200,2.06668431
-2.64857200,2.04059903
-2.64856200,2.01475727
-2.64855200,1.98915829
-2.64854200,1.96380137
-2.64853200,1.93868578
-2.64852200,1.91381079
-2.64851200,1.88917568
-2.64850200,1.86477974
-2.64849200,1.84062223
-2.64848200,1.81670244
-2.64847200,1.79301966
-2.64846200,1.76957316
-2.64845200,1.74636224
-2.64844200,1.72338618
-2.64843200,1.70064428
-2.64842200,1.67813582
-2.64841200,1.65586009
-2.64840200,1.63381640
-2.64839200,1.61200404
-2.64838200,1.59042230
-2.64837200,1.56907049
-2.64836200,1.54794791
-2.64835200,1.52705386
-2.64834200,1.50638764
-2.64833200,1.48594856
-2.64832200,1.46573593
-2.64831200,1.44574906
-2.64830200,1.42598726
-2.64829200,1.40644984
-2.64828200,1.38713612
-2.64827200,1.36804540
-2.64826200,1.34917702
-2.64825200,1.33053028
-2.64824200,1.31210451
-2.64823200,1.29389903
-2.64822200,1.27591317
-2.64821200,1.25814624
-2.64820200,1.24059758
-2.64819200,1.22326651
-2.64818200,1.20615237
-2.64817200,1.18925449
-2.64816200,1.17257219
-2.64815200,1.15610482
-2.64814200,1.13985170
-2.64813200,1.12381219
-2.64812200,1.10798561
-2.64811200,1.09237130
-2.64810200,1.07696862
-2.64809200,1.06177690
-2.64808200,1.04679549
-2.64807200,1.03202374
-2.64806200,1.01746099
-2.64805200,1.00310660
-2.64804200,0.98895991
-2.64803200,0.97502029
-2.64802200,0.96128708
-2.64801200,0.94775963
-2.64800200,0.93443732
-2.64799200,0.92131949
-2.64798200,0.90840551
-2.64797200,0.89569474
-2.64796200,0.88318654
-2.64795200,0.87088029
-2.64794200,0.85877533
-2.64793200,0.84687105
-2.64792200,0.83516682
-2.64791200,0.82366199
-2.64790200,0.81235596
-2.64789200,0.80124808
-2.64788200,0.79033774
-2.64787200,0.77962432
-2.64786200,0.76910718
-2.64785200,0.75878572
-2.64784200,0.74865930
-2.64783200,0.73872733
-2.64782200,0.72898917
-2.64781200,0.71944422
-2.64780200,0.71009186
-2.64779200,0.70093149
-2.64778200,0.69196248
-2.64777200,0.68318424
-2.64776200,0.67459615
-2.64775200,0.66619761
-2.64774200,0.65798802
-2.64773200,0.64996677
-2.64772200,0.64213327
-2.64771200,0.63448690
-2.64770200,0.62702708
-2.64769200,0.61975321
-2.64768200,0.61266468
-2.64767200,0.60576091
-2.64766200,0.59904131
-2.64765200,0.59250528
-2.64764200,0.58615223
-2.64763200,0.57998157
-2.64762200,0.57399272
-2.64761200,0.56818508
-2.64760200,0.56255809
-2.64759200,0.55711114
-2.64758200,0.55184367
-2.64757200,0.54675509
-2.64756200,0.54184481
-2.64755200,0.53711228
-2.64754200,0.53255690
-2.64753200,0.52817810
-2.64752200,0.52397531
-2.64751200,0.51994796
-2.64750200,0.51609548
-2.64749200,0.51241729
-2.64748200,0.50891283
-2.64747200,0.50558153
-2.64746200,0.50242283
-2.64745200,0.49943617
-2.64744200,0.49662097
-2.64743200,0.49397668
-2.64742200,0.49150275
-2.64741200,0.48919860
-2.64740200,0.48706368
-2.64739200,0.48509744
-2.64738200,0.48329933
-2.64737200,0.48166878
-2.64736200,0.48020525
-2.64735200,0.47890819
-2.64734200,0.47777704
-2.64733200,0.47681127
-2.64732200,0.47601031
-2.64731200,0.47537363
-2.64730200,0.47490069
-2.64729200,0.47459093
-2.64728200,0.47444382
-2.64727200,0.47445882
-2.64726200,0.47463539
-2.64725200,0.47497299
-2.64724200,0.47547109
-2.64723200,0.47612915
-2.64722200,0.47694663
-2.64721200,0.47792300
-2.64720200,0.47905774
-2.64719200,0.48035031
-2.64718200,0.48180019
-2.64717200,0.48340684
-2.64716200,0.48516974
-2.64715200,0.48708836
-2.64714200,0.48916219
-2.64713200,0.49139070
-2.64712200,0.49377336
-2.64711200,0.49630966
-2.64710200,0.49899909
-2.64709200,0.50184111
-2.64708200,0.50483522
-2.64707200,0.50798090
-2.64706200,0.51127764
-2.64705200,0.51472493
-2.64704200,0.51832225
-2.64703200,0.52206909
-2.64702200,0.52596495
-2.64701200,0.53000932
-2.64700200,0.53420169
-2.64699200,0.53854155
-2.64698200,0.54302841
-2.64697200,0.54766176
-2.64696200,0.55244110
-2.64695200,0.55736592
-2.64694200,0.56243574
-2.64693200,0.56765005
-2.64692200,0.57300835
-2.64691200,0.57851016
-2.64690200,0.58415497
-2.64689200,0.58994229
-2.64688200,0.59587163
-2.64687200,0.60194251
-2.64686200,0.60815443
-2.64685200,0.61450690
-2.64684200,0.62099944
-2.64683200,0.62763155
-2.64682200,0.63440277
-2.64681200,0.64131259
-2.64680200,0.64836055
-2.64679200,0.65554615
-2.64678200,0.66286893
-2.64677200,0.67032839
-2.64676200,0.67792407
-2.64675200,0.68565549
-2.64674200,0.69352216
-2.64673200,0.70152362
-2.64672200,0.70965940
-2.64671200,0.71792902
-2.64670200,0.72633200
-2.64669200,0.73486790
-2.64668200,0.74353622
-2.64667200,0.75233651
-2.64666200,0.76126830
-2.64665200,0.77033113
-2.64664200,0.77952453
-2.64663200,0.78884803
-2.64662200,0.79830119
-2.64661200,0.80788353
-2.64660200,0.81759459
-2.64659200,0.82743393
-2.64658200,0.83740108
-2.64657200,0.84749559
-2.64656200,0.85771699
-2.64655200,0.86806485
-2.64654200,0.87853870
-2.64653200,0.88913809
-2.64652200,0.89986258
-2.64651200,0.91071171
-2.64650200,0.92168503
-2.64649200,0.93278211
-2.64648200,0.94400248
-2.64647200,0.95534572
-2.64646200,0.96681137
-2.64645200,0.97839899
-2.64644200,0.99010814
-2.64643200,1.00193838
-2.64642200,1.01388927
-2.64641200,1.02596037
-2.64640200,1.03815124
-2.64639200,1.05046145
-2.64638200,1.06289057
-2.64637200,1.07543815
-2.64636200,1.08810377
-2.64635200,1.10088700
-2.64634200,1.11378739
-2.64633200,1.12680453
-2.64632200,1.13993798
-2.64631200,1.15318732
-2.64630200,1.16655212
-2.64629200,1.18003196
-2.64628200,1.19362640
-2.64627200,1.20733504
-2.64626200,1.22115743
-2.64625200,1.23509317
-2.64624200,1.24914183
-2.64623200,1.26330299
-2.64622200,1.27757624
-2.64621200,1.29196116
-2.64620200,1.30645732
-2.64619200,1.32106433
-2.64618200,1.33578175
-2.64617200,1.35060919
-2.64616200,1.36554622
-2.64615200,1.38059244
-2.64614200,1.39574743
-2.64613200,1.41101079
-2.64612200,1.42638211
-2.64611200,1.44186098
-2.64610200,1.45744700
-2.64609200,1.47313976
-2.64608200,1.48893886
-2.64607200,1.50484389
-2.64606200,1.52085445
-2.64605200,1.53697014
-2.64604200,1.55319057
-2.64603200,1.56951533
-2.64602200,1.58594402
-2.64601200,1.60247625
-2.64600200,1.61911162
-2.64599200,1.63584974
-2.64598200,1.65269021
-2.64597200,1.66963264
-2.64596200,1.68667664
-2.64595200,1.70382181
-2.64594200,1.72106777
-2.64593200,1.73841413
-2.64592200,1.75586050
-2.64591200,1.77340649
-2.64590200,1.79105172
-2.64589200,1.80879580
-2.64588200,1.82663834
-2.64587200,1.84457897
-2.64586200,1.86261730
-2.64585200,1.88075294
-2.64584200,1.89898553
-2.64583200,1.91731468
-2.64582200,1.93574001
-2.64581200,1.95426114
-2.64580200,1.97287770
-2.64579200,1.99158931
-2.64578200,2.01039560
-2.64577200,2.02929619
-2.64576200,2.04829071
-2.64575200,2.06737880
-2.64574200,2.08656006
-2.64573200,2.10583415
-2.64572200,2.12520069
-2.64571200,2.14465930
-2.64570200,2.16420963
-2.64569200,2.18385130
-2.64568200,2.20358396
-2.64567200,2.22340724
-2.64566200,2.24332076
-2.64565200,2.26332418
-2.64564200,2.28341713
-2.64563200,2.30359925
-2.64562200,2.32387017
-2.64561200,2.34422955
-2.64560200,2.36467702
-2.64559200,2.38521222
-2.64558200,2.40583480
-2.64557200,2.42654441
-2.64556200,2.44734068
-2.64555200,2.46822327
-2.64554200,2.48919182
-2.64553200,2.51024598
-2.64552200,2.53138541
-2.64551200,2.55260974
-2.64550200,2.57391864
-2.64549200,2.59531174
-2.64548200,2.61678872
-2.64547200,2.63834921
-2.64546200,2.65999288
-2.64545200,2.68171937
-2.64544200,2.70352836
-2.64543200,2.72541948
-2.64542200,2.74739241
-2.64541200,2.76944679
-2.64540200,2.79158230
-2.64539200,2.81379859
-2.64538200,2.83609531
-2.64537200,2.85847214
-2.64536200,2.88092874
-2.64535200,2.90346477
-2.64534200,2.92607990
-2.64533200,2.94877379
-2.64532200,2.97154610
-2.64531200,2.99439652
-2.64530200,3.01732469
-2.64529200,3.04033030
-2.64528200,3.06341302
-2.64527200,3.08657251
-2.64526200,3.10980845
-2.64525200,3.13312050
-2.64524200,3.15650835
-2.64523200,3.17997167
-2.64522200,3.20351012
-2.64521200,3.22712340
-2.64520200,3.25081117
-2.64519200,3.27457311
-2.64518200,3.29840890
-2.64517200,3.32231823
-2.64516200,3.34630076
-2.64515200,3.37035618
-2.64514200,3.39448418
-2.64513200,3.41868443
-2.64512200,3.44295663
-2.64511200,3.46730044
-2.64510200,3.49171556
-2.64509200,3.51620168
-2.64508200,3.54075848
-2.64507200,3.56538564
-2.64506200,3.59008286
-2.64505200,3.61484983
-2.64504200,3.63968623
-2.64503200,3.66459176
-2.64502200,3.68956611
-2.64501200,3.71460896
-2.64500200,3.73972002
-2.64499200,3.76489898
-2.64498200,3.79014552
-2.64497200,3.81545936
-2.64496200,3.84084018
-2.64495200,3.86628767
-2.64494200,3.89180155
-2.64493200,3.91738150
-2.64492200,3.94302723
-2.64491200,3.96873843
-2.64490200,3.99451481
-2.64489200,4.02035608
-2.64488200,4.04626192
-2.64487200,4.07223205
-2.64486200,4.09826616
-2.64485200,4.12436397
-2.64484200,4.15052518
-2.64483200,4.17674950
-2.64482200,4.20303663
-2.64481200,4.22938628
-2.64480200,4.25579816
-2.64479200,4.28227198
-2.64478200,4.30880745
-2.64477200,4.33540428
-2.64476200,4.36206218
-2.64475200,4.38878087
-2.64474200,4.41556005
-2.64473200,4.44239945
-2.64472200,4.46929877
-2.64471200,4.49625774
-2.64470200,4.52327606
-2.64469200,4.55035346
-2.64468200,4.57748965
-2.64467200,4.60468436
-2.64466200,4.63193729
-2.64465200,4.65924818
-2.64464200,4.68661674
-2.64463200,4.71404269
-2.64462200,4.74152575
-2.64461200,4.76906566
-2.64460200,4.79666212
-2.64459200,4.82431488
-2.64458200,4.85202364
-2.64457200,4.87978814
-2.64456200,4.90760811
-2.64455200,4.93548326
-2.64454200,4.96341334
-2.64453200,4.99139806
-2.64452200,5.01943716
-2.64451200,5.04753036
-2.64450200,5.07567741
-2.64449200,5.10387802
-2.64448200,5.13213194
-2.64447200,5.16043889
-2.64446200,5.18879861
-2.64445200,5.21721084
-2.64444200,5.24567530
-2.64443200,5.27419174
-2.64442200,5.30275988
-2.64441200,5.33137948
-2.64440200,5.36005026
-2.64439200,5.38877197
-2.64438200,5.41754434
-2.64437200,5.44636711
-2.64436200,5.47524003
-2.64435200,5.50416283
-2.64434200,5.53313527
-2.64433200,5.56215707
-2.64432200,5.59122799
-2.64431200,5.62034777
-2.64430200,5.64951615
-2.64429200,5.67873288
-2.64428200,5.70799770
-2.64427200,5.73731037
-2.64426200,5.76667063
-2.64425200,5.79607823
-2.64424200,5.82553291
-2.64423200,5.85503443
-2.64422200,5.88458253
-2.64421200,5.91417698
-2.64420200,5.94381751
-2.64419200,5.97350389
-2.64418200,6.00323586
-2.64417200,6.03301318
-2.64416200,6.06283560
-2.64415200,6.09270288
-2.64414200,6.12261478
-2.64413200,6.15257104
-2.64412200,6.18257143
-2.64411200,6.21261570
-2.64410200,6.24270362
-2.64409200,6.27283494
-2.64408200,6.30300942
-2.64407200,6.33322682
-2.64406200,6.36348690
-2.64405200,6.39378942
-2.64404200,6.42413415
-2.64403200,6.45452085
-2.64402200,6.48494928
-2.64401200,6.51541921
-2.64400200,6.54593040
-2.64399200,6.57648261
-2.64398200,6.60707562
-2.64397200,6.63770918
-2.64396200,6.66838308
-2.64395200,6.69909706
-2.64394200,6.72985091
-2.64393200,6.76064439
-2.64392200,6.79147727
-2.64391200,6.82234932
-2.64390200,6.85326031
-2.64389200,6.88421002
-2.64388200,6.91519822
-2.64387200,6.94622467
-2.64386200,6.97728916
-2.64385200,7.00839146
-2.64384200,7.03953134
-2.64383200,7.07070858
-2.64382200,7.10192295
-2.64381200,7.13317423
-2.64380200,7.16446220
-2.64379200,7.19578663
-2.64378200,7.22714731
-2.64377200,7.25854401
-2.64376200,7.28997652
-2.64375200,7.32144460
-2.64374200,7.35294805
-2.64373200,7.38448665
-2.64372200,7.41606017
-2.64371200,7.44766841
-2.64370200,7.47931114
-2.64369200,7.51098814
-2.64368200,7.54269921
-2.64367200,7.57444412
-2.64366200,7.60622267
-2.64365200,7.63803464
-2.64364200,7.66987981
-2.64363200,7.70175797
-2.64362200,7.73366892
-2.64361200,7.76561244
-2.64360200,7.79758832
-2.64359200,7.82959634
-2.64358200,7.86163631
-2.64357200,7.89370800
-2.64356200,7.92581122
-2.64355200,7.95794575
-2.64354200,7.99011139
-2.64353200,8.02230793
-2.64352200,8.05453516
-2.64351200,8.08679288
-2.64350200,8.11908089
-2.64349200,8.15139897
-2.64348200,8.18374693
-2.64347200,8.21612456
-2.64346200,8.24853167
-2.64345200,8.28096803
-2.64344200,8.31343347
-2.64343200,8.34592777
-2.64342200,8.37845073
-2.64341200,8.41100216
-2.64340200,8.44358185
-2.64339200,8.47618961
-2.64338200,8.50882523
-2.64337200,8.54148853
-2.64336200,8.57417930
-2.64335200,8.60689735
-2.64334200,8.63964248
-2.64333200,8.67241449
-2.64332200,8.70521320
-2.64331200,8.73803840
-2.64330200,8.77088990
-2.64329200,8.80376751
-2.64328200,8.83667104
-2.64327200,8.86960029
-2.64326200,8.90255508
-2.64325200,8.93553520
-2.64324200,8.96854048
-2.64323200,9.00157072
-2.64322200,9.03462573
-2.64321200,9.06770533
-2.64320200,9.10080932
-2.64319200,9.13393751
-2.64318200,9.16708973
-2.64317200,9.20026577
-2.64316200,9.23346547
-2.64315200,9.26668862
-2.64314200,9.29993505
-2.64313200,9.33320457
-2.64312200,9.36649700
-2.64311200,9.39981215
-2.64310200,9.43314984
-2.64309200,9.46650989
-2.64308200,9.49989211
-2.64307200,9.53329633
-2.64306200,9.56672236
-2.64305200,9.60017002
-2.64304200,9.63363914
-2.64303200,9.66712953
-2.64302200,9.70064101
-2.64301200,9.73417341
-2.64300200,9.76772655
-2.64299200,9.80130024
-2.64298200,9.83489432
-2.64297200,9.86850861
-2.64296200,9.90214293
-2.64295200,9.93579711
-2.64294200,9.96947096
-2.64293200,10.00316433
-2.64292200,10.03687702
-2.64291200,10.07060888
-2.64290200,10.10435972
-2.64289200,10.13812938
-2.64288200,10.17191768
-2.64287200,10.20572445
-2.64286200,10.23954952
-2.64285200,10.27339273
-2.64284200,10.30725389
-2.64283200,10.34113284
-2.64282200,10.37502942
-2.64281200,10.40894344
-2.64280200,10.44287476
-2.64279200,10.47682319
-2.64278200,10.51078857
-2.64277200,10.54477074
-2.64276200,10.57876953
-2.64275200,10.61278477
-2.64274200,10.64681630
-2.64273200,10.68086396
-2.64272200,10.71492757
-2.64271200,10.74900698
-2.64270200,10.78310202
-2.64269200,10.81721254
-2.64268200,10.85133836
-2.64267200,10.88547933
-2.64266200,10.91963529
-2.64265200,10.95380607
-2.64264200,10.98799152
-2.64263200,11.02219147
-2.64262200,11.05640577
-2.64261200,11.09063425
-2.64260200,11.12487677
-2.64259200,11.15913315
-2.64258200,11.19340325
-2.64257200,11.22768691
-2.64256200,11.26198396
-2.64255200,11.29629426
-2.64254200,11.33061765
-2.64253200,11.36495397
-2.64252200,11.39930307
-2.64251200,11.43366480
-2.64250200,11.46803900
-2.64249200,11.50242551
-2.64248200,11.53682419
-2.64247200,11.57123488
-2.64246200,11.60565743
-2.64245200,11.64009169
-2.64244200,11.67453751
-2.64243200,11.70899474
-2.64242200,11.74346323
-2.64241200,11.77794282
-2.64240200,11.81243337
-2.64239200,11.84693473
-2.64238200,11.88144675
-2.64237200,11.91596929
-2.64236200,11.95050219
-2.64235200,11.98504532
-2.64234200,12.01959851
-2.64233200,12.05416163
-2.64232200,12.08873453
-2.64231200,12.12331707
-2.64230200,12.15790910
-2.64229200,12.19251048
-2.64228200,12.22712106
-2.64227200,12.26174069
-2.64226200,12.29636925
-2.64225200,12.33100657
-2.64224200,12.36565253
-2.64223200,12.40030698
-2.64222200,12.43496977
-2.64221200,12.46964078
-2.64220200,12.50431985
-2.64219200,12.53900684
-2.64218200,12.57370163
-2.64217200,12.60840406
-2.64216200,12.64311400
-2.64215200,12.67783131
-2.64214200,12.71255585
-2.64213200,12.74728749
-2.64212200,12.78202609
-2.64211200,12.81677150
-2.64210200,12.85152361
-2.64209200,12.88628226
-2.64208200,12.92104733
-2.64207200,12.95581867
-2.64206200,12.99059616
-2.64205200,13.02537966
-2.64204200,13.06016903
-2.64203200,13.09496415
-2.64202200,13.12976488
-2.64201200,13.16457108
-2.64200200,13.19938263
-2.64199200,13.23419939
-2.64198200,13.26902124
-2.64197200,13.30384803
-2.64196200,13.33867965
-2.64195200,13.37351595
-2.64194200,13.40835682
-2.64193200,13.44320212
-2.64192200,13.47805172
-2.64191200,13.51290549
-2.64190200,13.54776331
-2.64189200,13.58262504
-2.64188200,13.61749057
-2.64187200,13.65235976
-2.64186200,13.68723249
-2.64185200,13.72210863
-2.64184200,13.75698805
-2.64183200,13.79187063
-2.64182200,13.82675625
-2.64181200,13.86164478
-2.64180200,13.89653609
-2.64179200,13.93143006
-2.64178200,13.96632658
-2.64177200,14.00122550
-2.64176200,14.03612673
-2.64175200,14.07103012
-2.64174200,14.10593556
-2.64173200,14.14084292
-2.64172200,14.17575210
-2.64171200,14.21066296
-2.64170200,14.24557538
-2.64169200,14.28048925
-2.64168200,14.31540444
-2.64167200,14.35032084
-2.64166200,14.38523832
-2.64165200,14.42015678
-2.64164200,14.45507608
-2.64163200,14.48999612
-2.64162200,14.52491677
-2.64161200,14.55983792
-2.64160200,14.59475945
-2.64159200,14.62968125
-2.64158200,14.66460319
-2.64157200,14.69952518
-2.64156200,14.73444707
-2.64155200,14.76936878
-2.64154200,14.80429017
-2.64153200,14.83921114
-2.64152200,14.87413157
-2.64151200,14.90905135
-2.64150200,14.94397036
-2.64149200,14.97888850
-2.64148200,15.01380564
-2.64147200,15.04872169
-2.64146200,15.08363652
-2.64145200,15.11855003
-2.64144200,15.15346211
-2.64143200,15.18837263
-2.64142200,15.22328151
-2.64141200,15.25818862
-2.64140200,15.29309385
-2.64139200,15.32799710
-2.64138200,15.36289826
-2.64137200,15.39779722
-2.64136200,15.43269386
-2.64135200,15.46758810
-2.64134200,15.50247980
-2.64133200,15.53736888
-2.64132200,15.57225522
-2.64131200,15.60713872
-2.64130200,15.64201927
-2.64129200,15.67689676
-2.64128200,15.71177110
-2.64127200,15.74664217
-2.64126200,15.78150986
-2.64125200,15.81637409
-2.64124200,15.85123474
-2.64123200,15.88609170
-2.64122200,15.92094489
-2.64121200,15.95579418
-2.64120200,15.99063949
-2.64119200,16.02548070
-2.64118200,16.06031772
-2.64117200,16.09515045
-2.64116200,16.12997878
-2.64115200,16.16480261
-2.64114200,16.19962185
-2.64113200,16.23443639
-2.64112200,16.26924613
-2.64111200,16.30405097
-2.64110200,16.33885082
-2.64109200,16.37364557
-2.64108200,16.40843513
-2.64107200,16.44321940
-2.64106200,16.47799827
-2.64105200,16.51277166
-2.64104200,16.54753947
-2.64103200,16.58230159
-2.64102200,16.61705794
-2.64101200,16.65180842
-2.64100200,16.68655292
-2.64099200,16.72129136
-2.64098200,16.75602364
-2.64097200,16.79074966
-2.64096200,16.82546933
-2.64095200,16.86018256
-2.64094200,16.89488924
-2.64093200,16.92958930
-2.64092200,16.96428263
-2.64091200,16.99896914
-2.64090200,17.03364874
-2.64089200,17.06832134
-2.64088200,17.10298684
-2.64087200,17.13764515
-2.64086200,17.17229618
-2.64085200,17.20693985
-2.64084200,17.24157605
-2.64083200,17.27620470
-2.64082200,17.31082571
-2.64081200,17.34543898
-2.64080200,17.38004443
-2.64079200,17.41464198
-2.64078200,17.44923152
-2.64077200,17.48381297
-2.64076200,17.51838625
-2.64075200,17.55295126
-2.64074200,17.58750791
-2.64073200,17.62205613
-2.64072200,17.65659582
-2.64071200,17.69112689
-2.64070200,17.72564926
-2.64069200,17.76016285
-2.64068200,17.79466756
-2.64067200,17.82916331
-2.64066200,17.86365002
-2.64065200,17.89812759
-2.64064200,17.93259595
-2.64063200,17.96705501
-2.64062200,18.00150469
-2.64061200,18.03594490
-2.64060200,18.07037556
-2.64059200,18.10479659
-2.64058200,18.13920789
-2.64057200,18.17360940
-2.64056200,18.20800102
-2.64055200,18.24238268
-2.64054200,18.27675429
-2.64053200,18.31111577
-2.64052200,18.34546704
-2.64051200,18.37980802
-2.64050200,18.41413863
-2.64049200,18.44845878
-2.64048200,18.48276841
-2.64047200,18.51706742
-2.64046200,18.55135573
-2.64045200,18.58563328
-2.64044200,18.61989997
-2.64043200,18.65415574
-2.64042200,18.68840050
-2.64041200,18.72263417
-2.64040200,18.75685667
-2.64039200,18.79106794
-2.64038200,18.82526788
-2.64037200,18.85945643
-2.64036200,18.89363351
-2.64035200,18.92779903
-2.64034200,18.96195293
-2.64033200,18.99609513
-2.64032200,19.03022555
-2.64031200,19.06434411
-2.64030200,19.09845075
-2.64029200,19.13254538
-2.64028200,19.16662794
-2.64027200,19.20069834
-2.64026200,19.23475652
-2.64025200,19.26880239
-2.64024200,19.30283589
-2.64023200,19.33685694
-2.64022200,19.37086547
-2.64021200,19.40486141
-2.64020200,19.43884468
-2.64019200,19.47281521
-2.64018200,19.50677293
-2.64017200,19.54071777
-2.64016200,19.57464966
-2.64015200,19.60856852
-2.64014200,19.64247429
-2.64013200,19.67636689
-2.64012200,19.71024625
-2.64011200,19.74411230
-2.64010200,19.77796498
-2.64009200,19.81180421
-2.64008200,19.84562993
-2.64007200,19.87944206
-2.64006200,19.91324053
-2.64005200,19.94702528
-2.64004200,19.98079624
-2.64003200,20.01455335
-2.64002200,20.04829652
-2.64001200,20.08202570
-2.64000200,20.11574082
-2.63999200,20.14944180
-2.63998200,20.18312860
-2.63997200,20.21680112
-2.63996200,20.25045932
-2.63995200,20.28410313
-2.63994200,20.31773247
-2.63993200,20.35134729
-2.63992200,20.38494751
-2.63991200,20.41853308
-2.63990200,20.45210392
-2.63989200,20.48565998
-2.63988200,20.51920119
-2.63987200,20.55272748
-2.63986200,20.58623879
-2.63985200,20.61973506
-2.63984200,20.65321622
-2.63983200,20.68668221
-2.63982200,20.72013297
-2.63981200,20.75356844
-2.63980200,20.78698854
-2.63979200,20.82039323
-2.63978200,20.85378244
-2.63977200,20.88715610
-2.63976200,20.92051415
-2.63975200,20.95385655
-2.63974200,20.98718321
-2.63973200,21.02049408
-2.63972200,21.05378911
-2.63971200,21.08706823
-2.63970200,21.12033138
-2.63969200,21.15357850
-2.63968200,21.18680953
-2.63967200,21.22002441
-2.63966200,21.25322308
-2.63965200,21.28640549
-2.63964200,21.31957158
-2.63963200,21.35272128
-2.63962200,21.38585454
-2.63961200,21.41897130
-2.63960200,21.45207151
-2.63959200,21.48515510
-2.63958200,21.51822201
-2.63957200,21.55127220
-2.63956200,21.58430560
-2.63955200,21.61732216
-2.63954200,21.65032182
-2.63953200,21.68330453
-2.63952200,21.71627022
-2.63951200,21.74921885
-2.63950200,21.78215035
-2.63949200,21.81506468
-2.63948200,21.84796177
-2.63947200,21.88084158
-2.63946200,21.91370404
-2.63945200,21.94654911
-2.63944200,21.97937672
-2.63943200,22.01218683
-2.63942200,22.04497939
-2.63941200,22.07775433
-2.63940200,22.11051160
-2.63939200,22.14325116
-2.63938200,22.17597294
-2.63937200,22.20867690
-2.63936200,22.24136298
-2.63935200,22.27403114
-2.63934200,22.30668131
-2.63933200,22.33931345
-2.63932200,22.37192751
-2.63931200,22.40452343
-2.63930200,22.43710116
-2.63929200,22.46966066
-2.63928200,22.50220186
-2.63927200,22.53472473
-2.63926200,22.56722921
-2.63925200,22.59971525
-2.63924200,22.63218280
-2.63923200,22.66463181
-2.63922200,22.69706223
-2.63921200,22.72947401
-2.63920200,22.76186711
-2.63919200,22.79424147
-2.63918200,22.82659704
-2.63917200,22.85893378
-2.63916200,22.89125164
-2.63915200,22.92355057
-2.63914200,22.95583052
-2.63913200,22.98809145
-2.63912200,23.02033331
-2.63911200,23.05255604
-2.63910200,23.08475961
-2.63909200,23.11694397
-2.63908200,23.14910906
-2.63907200,23.18125485
-2.63906200,23.21338128
-2.63905200,23.24548832
-2.63904200,23.27757591
-2.63903200,23.30964401
-2.63902200,23.34169257
-2.63901200,23.37372155
-2.63900200,23.40573091
-2.63899200,23.43772059
-2.63898200,23.46969056
-2.63897200,23.50164077
-2.63896200,23.53357117
-2.63895200,23.56548173
-2.63894200,23.59737239
-2.63893200,23.62924311
-2.63892200,23.66109386
-2.63891200,23.69292458
-2.63890200,23.72473523
-2.63889200,23.75652578
-2.63888200,23.78829617
-2.63887200,23.82004637
-2.63886200,23.85177633
-2.63885200,23.88348602
-2.63884200,23.91517538
-2.63883200,23.94684438
-2.63882200,23.97849297
-2.63881200,24.01012112
-2.63880200,24.04172878
-2.63879200,24.07331591
-2.63878200,24.10488247
-2.63877200,24.13642843
-2.63876200,24.16795373
-2.63875200,24.19945834
-2.63874200,24.23094222
-2.63873200,24.26240533
-2.63872200,24.29384763
-2.63871200,24.32526908
-2.63870200,24.35666964
-2.63869200,24.38804927
-2.63868200,24.41940793
-2.63867200,24.45074559
-2.63866200,24.48206220
-2.63865200,24.51335772
-2.63864200,24.54463213
-2.63863200,24.57588537
-2.63862200,24.60711741
-2.63861200,24.63832822
-2.63860200,24.66951776
-2.63859200,24.70068598
-2.63858200,24.73183286
-2.63857200,24.76295835
-2.63856200,24.79406241
-2.63855200,24.82514502
-2.63854200,24.85620613
-2.63853200,24.88724571
-2.63852200,24.91826372
-2.63851200,24.94926013
-2.63850200,24.98023489
-2.63849200,25.01118798
-2.63848200,25.04211936
-2.63847200,25.07302899
-2.63846200,25.10391684
-2.63845200,25.13478287
-2.63844200,25.16562705
-2.63843200,25.19644935
-2.63842200,25.22724972
-2.63841200,25.25802814
-2.63840200,25.28878456
-2.63839200,25.31951897
-2.63838200,25.35023131
-2.63837200,25.38092157
-2.63836200,25.41158970
-2.63835200,25.44223567
-2.63834200,25.47285945
-2.63833200,25.50346101
-2.63832200,25.53404030
-2.63831200,25.56459731
-2.63830200,25.59513200
-2.63829200,25.62564433
-2.63828200,25.65613428
-2.63827200,25.68660181
-2.63826200,25.71704688
-2.63825200,25.74746948
-2.63824200,25.77786956
-2.63823200,25.80824709
-2.63822200,25.83860205
-2.63821200,25.86893440
-2.63820200,25.89924411
-2.63819200,25.92953115
-2.63818200,25.95979550
-2.63817200,25.99003711
-2.63816200,26.02025596
-2.63815200,26.05045202
-2.63814200,26.08062526
-2.63813200,26.11077565
-2.63812200,26.14090316
-2.63811200,26.17100776
-2.63810200,26.20108942
-2.63809200,26.23114812
-2.63808200,26.26118381
-2.63807200,26.29119649
-2.63806200,26.32118610
-2.63805200,26.35115263
-2.63804200,26.38109606
-2.63803200,26.41101634
-2.63802200,26.44091345
-2.63801200,26.47078737
-2.63800200,26.50063806
-2.63799200,26.53046550
-2.63798200,26.56026967
-2.63797200,26.59005052
-2.63796200,26.61980805
-2.63795200,26.64954221
-2.63794200,26.67925299
-2.63793200,26.70894035
-2.63792200,26.73860427
-2.63791200,26.76824472
-2.63790200,26.79786168
-2.63789200,26.82745512
-2.63788200,26.85702502
-2.63787200,26.88657134
-2.63786200,26.91609407
-2.63785200,26.94559317
-2.63784200,26.97506863
-2.63783200,27.00452041
-2.57898100,27.01102357
-2.57798100,26.68546795
-2.57698100,26.36597223
-2.57598100,26.05233274
-2.57498100,25.74435125
-2.57398100,25.44183541
-2.57298100,25.14459905
-2.57198100,24.85246250
-2.57098100,24.56525265
-2.56998100,24.28280313
-2.56898100,24.00495427
-2.56798100,23.73155313
-2.56698100,23.46245341
-2.56598100,23.19751535
-2.56498100,22.93660562
-2.56398100,22.67959717
-2.56298100,22.42636903
-2.56198100,22.17680617
-2.56098100,21.93079924
-2.55998100,21.68824445
-2.55898100,21.44904328
-2.55798100,21.21310229
-2.55698100,20.98033292
-2.55598100,20.75065127
-2.55498100,20.52397784
-2.55398100,20.30023739
-2.55298100,20.07935866
-2.55198100,19.86127421
-2.55098100,19.64592021
-2.54998100,19.43323624
-2.54898100,19.22316508
-2.54798100,19.01565258
-2.54698100,18.81064744
-2.54598100,18.60810106
-2.54498100,18.40796738
-2.54398100,18.21020272
-2.54298100,18.01476562
-2.54198100,17.82161672
-2.54098100,17.63071862
-2.53998100,17.44203575
-2.53898100,17.25553425
-2.53798100,17.07118184
-2.53698100,16.88894773
-2.53598100,16.70880254
-2.53498100,16.53071813
-2.53398100,16.35466760
-2.53298100,16.18062513
-2.53198100,16.00856594
-2.53098100,15.83846620
-2.52998100,15.67030297
-2.52898100,15.50405412
-2.52798100,15.33969826
-2.52698100,15.17721472
-2.52598100,15.01658346
-2.52498100,14.85778503
-2.52398100,14.70080053
-2.52298100,14.54561155
-2.52198100,14.39220017
-2.52098100,14.24054885
-2.51998100,14.09064046
-2.51898100,13.94245825
-2.51798100,13.79598575
-2.51698100,13.65120682
-2.51598100,13.50810559
-2.51498100,13.36666644
-2.51398100,13.22687398
-2.51298100,13.08871303
-2.51198100,12.95216862
-2.51098100,12.81722592
-2.50998100,12.68387031
-2.50898100,12.55208729
-2.50798100,12.42186250
-2.50698100,12.29318173
-2.50598100,12.16603086
-2.50498100,12.04039589
-2.50398100,11.91626293
-2.50298100,11.79361818
-2.50198100,11.67244793
-2.50098100,11.55273854
-2.49998100,11.43447647
-2.49898100,11.31764825
-2.49798100,11.20224048
-2.49698100,11.08823981
-2.49598100,10.97563299
-2.49498100,10.86440682
-2.49398100,10.75454815
-2.49298100,10.64604391
-2.49198100,10.53888109
-2.49098100,10.43304672
-2.48998100,10.32852792
-2.48898100,10.22531185
-2.48798100,10.12338574
-2.48698100,10.02273687
-2.48598100,9.92335258
-2.48498100,9.82522030
-2.48398100,9.72832748
-2.48298100,9.63266166
-2.48198100,9.53821045
-2.48098100,9.44496149
-2.47998100,9.35290253
-2.47898100,9.26202135
-2.47798100,9.17230583
-2.47698100,9.08374389
-2.47598100,8.99632355
-2.47498100,8.91003288
-2.47398100,8.82486003
-2.47298100,8.74079322
-2.47198100,8.65782077
-2.47098100,8.57593104
-2.46998100,8.49511249
-2.46898100,8.41535367
-2.46798100,8.33664318
-2.46698100,8.25896973
-2.46598100,8.18232209
-2.46498100,8.10668914
-2.46398100,8.03205982
-2.46298100,7.95842318
-2.46198100,7.88576832
-2.46098100,7.81408447
-2.45998100,7.74336092
-2.45898100,7.67358707
-2.45798100,7.60475240
-2.45698100,7.53684646
-2.45598100,7.46985894
-2.45498100,7.40377957
-2.45398100,7.33859822
-2.45298100,7.27430481
-2.45198100,7.21088939
-2.45098100,7.14834209
-2.44998100,7.08665313
-2.44898100,7.02581283
-2.44798100,6.96581160
-2.44698100,6.90663996
-2.44598100,6.84828852
-2.44498100,6.79074797
-2.44398100,6.73400913
-2.44298100,6.67806288
-2.44198100,6.62290023
-2.44098100,6.56851226
-2.43998100,6.51489016
-2.43898100,6.46202521
-2.43798100,6.40990881
-2.43698100,6.35853242
-2.43598100,6.30788763
-2.43498100,6.25796611
-2.43398100,6.20875962
-2.43298100,6.16026003
-2.43198100,6.11245931
-2.43098100,6.06534951
-2.42998100,6.01892278
-2.42898100,5.97317138
-2.42798100,5.92808765
-2.42698100,5.88366403
-2.42598100,5.83989304
-2.42498100,5.79676733
-2.42398100,5.75427961
-2.42298100,5.71242270
-2.42198100,5.67118950
-2.42098100,5.63057302
-2.41998100,5.59056635
-2.41898100,5.55116268
-2.41798100,5.51235528
-2.41698100,5.47413752
-2.41598100,5.43650285
-2.41498100,5.39944484
-2.41398100,5.36295711
-2.41298100,5.32703339
-2.41198100,5.29166750
-2.41098100,5.25685334
-2.40998100,5.22258489
-2.40898100,5.18885625
-2.40798100,5.15566156
-2.40698100,5.12299509
-2.40598100,5.09085116
-2.40498100,5.05922420
-2.40398100,5.02810870
-2.40298100,4.99749927
-2.40198100,4.96739056
-2.40098100,4.93777734
-2.39998100,4.90865443
-2.39898100,4.88001676
-2.39798100,4.85185932
-2.39698100,4.82417720
-2.39598100,4.79696554
-2.39498100,4.77021959
-2.39398100,4.74393466
-2.39298100,4.71810615
-2.39198100,4.69272954
-2.39098100,4.66780036
-2.38998100,4.64331424
-2.38898100,4.61926690
-2.38798100,4.59565409
-2.38698100,4.57247169
-2.38598100,4.54971561
-2.38498100,4.52738185
-2.38398100,4.50546650
-2.38298100,4.48396569
-2.38198100,4.46287564
-2.38098100,4.44219266
-2.37998100,4.42191309
-2.37898100,4.40203338
-2.37798100,4.38255003
-2.37698100,4.36345962
-2.37598100,4.34475878
-2.37498100,4.32644424
-2.37398100,4.30851277
-2.37298100,4.29096122
-2.37198100,4.27378652
-2.37098100,4.25698564
-2.36998100,4.24055565
-2.36898100,4.22449365
-2.36798100,4.20879684
-2.36698100,4.19346247
-2.36598100,4.17848785
-2.36498100,4.16387035
-2.36398100,4.14960744
-2.36298100,4.13569662
-2.36198100,4.12213546
-2.36098100,4.10892159
-2.35998100,4.09605273
-2.35898100,4.08352663
-2.35798100,4.07134112
-2.35698100,4.05949410
-2.35598100,4.04798350
-2.35498100,4.03680734
-2.35398100,4.02596369
-2.35298100,4.01545070
-2.35198100,4.00526654
-2.35098100,3.99540949
-2.34998100,3.98587786
-2.34898100,3.97667002
-2.34798100,3.96778441
-2.34698100,3.95921953
-2.34598100,3.95097393
-2.34498100,3.94304622
-2.34398100,3.93543509
-2.34298100,3.92813927
-2.34198100,3.92115754
-2.34098100,3.91448875
-2.33998100,3.90813183
-2.33898100,3.90208572
-2.33798100,3.89634947
-2.33698100,3.89092215
-2.33598100,3.88580290
-2.33498100,3.88099093
-2.33398100,3.87648549
-2.33298100,3.87228590
-2.33198100,3.86839153
-2.33098100,3.86480182
-2.32998100,3.86151624
-2.32898100,3.85853435
-2.32798100,3.85585575
-2.32698100,3.85348010
-2.32598100,3.85140711
-2.32498100,3.84963658
-2.32398100,3.84816832
-2.32298100,3.84700223
-2.32198100,3.84613827
-2.32098100,3.84557642
-2.31998100,3.84531677
-2.31898100,3.84535944
-2.31798100,3.84570460
-2.31698100,3.84635249
-2.31598100,3.84730340
-2.31498100,3.84855770
-2.31398100,3.85011580
-2.31298100,3.85197817
-2.31198100,3.85414533
-2.31098100,3.85661788
-2.30998100,3.85939647
-2.30898100,3.86248179
-2.30798100,3.86587463
-2.30698100,3.86957580
-2.30598100,3.87358620
-2.30498100,3.87790676
-2.30398100,3.88253849
-2.30298100,3.88748247
-2.30198100,3.89273981
-2.30098100,3.89831171
-2.29998100,3.90419942
-2.29898100,3.91040424
-2.29798100,3.91692755
-2.29698100,3.92377079
-2.29598100,3.93093545
-2.29498100,3.93842310
-2.29398100,3.94623536
-2.29298100,3.95437392
-2.29198100,3.96284052
-2.29098100,3.97163699
-2.28998100,3.98076521
-2.28898100,3.99022712
-2.28798100,4.00002473
-2.28698100,4.01016013
-2.28598100,4.02063545
-2.28498100,4.03145291
-2.28398100,4.04261479
-2.28298100,4.05412343
-2.28198100,4.06598126
-2.28098100,4.07819074
-2.27998100,4.09075444
-2.27898100,4.10367498
-2.27798100,4.11695506
-2.27698100,4.13059743
-2.27598100,4.14460495
-2.27498100,4.15898050
-2.27398100,4.17372709
-2.27298100,4.18884777
-2.27198100,4.20434565
-2.27098100,4.22022396
-2.26998100,4.23648597
-2.26898100,4.25313504
-2.26798100,4.27017459
-2.26698100,4.28760815
-2.26598100,4.30543931
-2.26498100,4.32367172
-2.26398100,4.34230914
-2.26298100,4.36135540
-2.26198100,4.38081441
-2.26098100,4.40069016
-2.25998100,4.42098674
-2.25898100,4.44170828
-2.25798100,4.46285906
-2.25698100,4.48444338
-2.25598100,4.50646568
-2.25498100,4.52893044
-2.25398100,4.55184228
-2.25298100,4.57520587
-2.25198100,4.59902597
-2.25098100,4.62330746
-2.24998100,4.64805529
-2.24898100,4.67327451
-2.24798100,4.69897027
-2.24698100,4.72514779
-2.24598100,4.75181243
-2.24498100,4.77896960
-2.24398100,4.80662485
-2.24298100,4.83478380
-2.24198100,4.86345219
-2.24098100,4.89263585
-2.23998100,4.92234073
-2.23898100,4.95257285
-2.23798100,4.98333838
-2.23698100,5.01464357
-2.23598100,5.04649478
-2.23498100,5.07889849
-2.23398100,5.11186128
-2.23298100,5.14538986
-2.23198100,5.17949104
-2.23098100,5.21417174
-2.22998100,5.24943901
-2.22898100,5.28530001
-2.22798100,5.32176203
-2.22698100,5.35883247
-2.22598100,5.39651885
-2.22498100,5.43447505
-2.22398100,5.47341485
-2.22298100,5.51299395
-2.22198100,5.55322037
-2.22098100,5.59410228
-2.21998100,5.63564800
-2.21898100,5.67786594
-2.21798100,5.72076469
-2.21698100,5.76435295
-2.21598100,5.80863958
-2.21498100,5.85363357
-2.21398100,5.89934405
-2.21298100,5.94578031
-2.21198100,5.99295179
-2.21098100,6.04086806
-2.20998100,6.08953886
-2.20898100,6.13897409
-2.20798100,6.18918377
-2.20698100,6.24017813
-2.20598100,6.29196753
-2.20498100,6.34456250
-2.20398100,6.39797374
-2.20298100,6.45221210
-2.20198100,6.50728863
-2.20098100,6.56321453
-2.19998100,6.62000119
-2.19898100,6.67766018
-2.19798100,6.73620322
-2.19698100,6.79564226
-2.19598100,6.85598940
-2.19498100,6.91725695
-2.19398100,6.97945741
-2.19298100,7.04260345
-2.19198100,7.10670797
-2.19098100,7.17178406
-2.18998100,7.23784501
-2.18898100,7.30490431
-2.18798100,7.37297568
-2.18698100,7.44207303
-2.18598100,7.51221051
-2.18498100,7.58340246
-2.18398100,7.65566348
-2.18298100,7.72900837
-2.18198100,7.80345217
-2.18098100,7.87901015
-2.17998100,7.95569781
-2.17898100,8.03353092
-2.17798100,8.11252545
-2.17698100,8.19269767
-2.17598100,8.27406406
-2.17498100,8.35664138
-2.17398100,8.44044664
-2.17298100,8.52549713
-2.17198100,8.61181039
-2.17098100,8.69940424
-2.16998100,8.78829680
-2.16898100,8.87850643
-2.16798100,8.97005181
-2.16698100,9.06295191
-2.16598100,9.15722598
-2.16498100,9.25289359
-2.16398100,9.34997460
-2.16298100,9.44848919
-2.16198100,9.54845786
-2.16098100,9.64990143
-2.15998100,9.75284104
-2.15898100,9.85729818
-2.15798100,9.96329465
-2.15698100,10.07085263
-2.15598100,10.17999461
-2.15498100,10.29074348
-2.15398100,10.40312245
-2.15298100,10.51715513
-2.15198100,10.63286548
-2.15098100,10.75027786
-2.14998100,10.86941701
-2.14898100,10.99030805
-2.14798100,11.11297653
-2.14698100,11.23744838
-2.14598100,11.36374996
-2.14498100,11.49190805
-2.14398100,11.62194985
-2.14298100,11.75390300
-2.14198100,11.88779560
-2.14098100,12.02365618
-2.13998100,12.16151373
-2.13898100,12.30139774
-2.13798100,12.44333813
-2.13698100,12.58736534
-2.13598100,12.73351029
-2.13498100,12.88180440
-2.13398100,13.03227960
-2.13298100,13.18496835
-2.13198100,13.33990363
-2.13098100,13.49711896
-2.12998100,13.65664842
-2.12898100,13.81852662
-2.12798100,13.98278878
-2.12698100,14.14947066
-2.12598100,14.31860864
-2.12498100,14.49023967
-2.12398100,14.66440134
-2.12298100,14.84113183
-2.12198100,15.02047000
-2.12098100,15.20245530
-2.11998100,15.38712788
-2.11898100,15.57452854
-2.11798100,15.76469876
-2.11698100,15.95768073
-2.11598100,16.15351732
-2.11498100,16.35225216
-2.11398100,16.55392957
-2.11298100,16.75859464
-2.11198100,16.96629322
-2.11098100,17.17707194
-2.10998100,17.39097821
-2.10898100,17.60806025
-2.10798100,17.82836710
-2.10698100,18.05194863
-2.10598100,18.27885557
-2.10498100,18.50913952
-2.10398100,18.74285295
-2.10298100,18.98004925
-2.10198100,19.22078271
-2.10098100,19.46510856
-2.09998100,19.71308300
-2.09898100,19.96476319
-2.09798100,20.22020728
-2.09698100,20.47947443
-2.09598100,20.74262484
-2.09498100,21.00971974
-2.09398100,21.28082146
-2.09298100,21.55599338
-2.09198100,21.83530004
-2.09098100,22.11880707
-2.08998100,22.40658129
-2.08898100,22.69869069
-2.08798100,22.99520445
-2.08698100,23.29619298
-2.08598100,23.60172796
-2.08498100,23.91188232
-2.08398100,24.22673031
-2.08298100,24.54634748
-2.08198100,24.87081077
-2.08098100,25.20019847
-2.07998100,25.53459028
-2.07898100,25.87406736
-2.07798100,26.21871232
-2.07698100,26.56860924
-2.07598100,26.92384376
0.51212000,27.24800615
0.51312000,27.08673921
0.51412000,26.92623279
0.51512000,26.76648339
0.51612000,26.60748749
0.51712000,26.44924163
0.51812000,26.29174234
0.51912000,26.13498618
0.52012000,25.97896973
0.52112000,25.82368959
0.52212000,25.66914238
0.52312000,25.51532475
0.52412000,25.36223333
0.52512000,25.20986481
0.52612000,25.05821589
0.52712000,24.90728326
0.52812000,24.75706368
0.52912000,24.60755388
0.53012000,24.45875062
0.53112000,24.31065071
0.53212000,24.16325094
0.53312000,24.01654812
0.53412000,23.87053911
0.53512000,23.72522076
0.53612000,23.58058993
0.53712000,23.43664353
0.53812000,23.29337845
0.53912000,23.15079163
0.54012000,23.00888002
0.54112000,22.86764056
0.54212000,22.72707023
0.54312000,22.58716604
0.54412000,22.44792498
0.54512000,22.30934409
0.54612000,22.17142040
0.54712000,22.03415099
0.54812000,21.89753291
0.54912000,21.76156327
0.55012000,21.62623917
0.55112000,21.49155774
0.55212000,21.35751610
0.55312000,21.22411143
0.55412000,21.09134089
0.55512000,20.95920166
0.55612000,20.82769094
0.55712000,20.69680596
0.55812000,20.56654394
0.55912000,20.43690213
0.56012000,20.30787780
0.56112000,20.17946821
0.56212000,20.05167067
0.56312000,19.92448247
0.56412000,19.79790093
0.56512000,19.67192340
0.56612000,19.54654722
0.56712000,19.42176976
0.56812000,19.29758840
0.56912000,19.17400052
0.57012000,19.05100353
0.57112000,18.92859486
0.57212000,18.80677193
0.57312000,18.68553221
0.57412000,18.56487314
0.57512000,18.44479221
0.57612000,18.32528690
0.57712000,18.20635471
0.57812000,18.08799317
0.57912000,17.97019980
0.58012000,17.85297214
0.58112000,17.73630775
0.58212000,17.62020420
0.58312000,17.50465907
0.58412000,17.38966996
0.58512000,17.27523446
0.58612000,17.16135021
0.58712000,17.04801483
0.58812000,16.93522597
0.58912000,16.82298129
0.59012000,16.71127845
0.59112000,16.60011514
0.59212000,16.48948906
0.59312000,16.37939791
0.59412000,16.26983941
0.59512000,16.16081129
0.59612000,16.05231130
0.59712000,15.94433718
0.59812000,15.83688671
0.59912000,15.72995767
0.60012000,15.62354784
0.60112000,15.51765502
0.60212000,15.41227704
0.60312000,15.30741171
0.60412000,15.20305687
0.60512000,15.09921037
0.60612000,14.99587006
0.60712000,14.89303382
0.60812000,14.79069952
0.60912000,14.68886507
0.61012000,14.58752835
0.61112000,14.48668729
0.61212000,14.38633982
0.61312000,14.28648385
0.61412000,14.18711735
0.61512000,14.08823827
0.61612000,13.98984457
0.61712000,13.89193423
0.61812000,13.79450525
0.61912000,13.69755561
0.62012000,13.60108334
0.62112000,13.50508644
0.62212000,13.40956295
0.62312000,13.31451091
0.62412000,13.21992837
0.62512000,13.12581338
0.62612000,13.03216402
0.62712000,12.93897836
0.62812000,12.84625450
0.62912000,12.75399053
0.63012000,12.66218457
0.63112000,12.57083472
0.63212000,12.47993913
0.63312000,12.38949592
0.63412000,12.29950325
0.63512000,12.20995926
0.63612000,12.12086213
0.63712000,12.03221004
0.63812000,11.94400116
0.63912000,11.85623368
0.64012000,11.76890583
0.64112000,11.68201579
0.64212000,11.59556180
0.64312000,11.50954208
0.64412000,11.42395488
0.64512000,11.33879844
0.64612000,11.25407102
0.64712000,11.16977088
0.64812000,11.08589629
0.64912000,11.00244555
0.65012000,10.91941693
0.65112000,10.83680875
0.65212000,10.75461931
0.65312000,10.67284692
0.65412000,10.59148992
0.65512000,10.51054662
0.65612000,10.43001539
0.65712000,10.34989456
0.65812000,10.27018250
0.65912000,10.19087757
0.66012000,10.11197815
0.66112000,10.03348261
0.66212000,9.95538936
0.66312000,9.87769678
0.66412000,9.80040330
0.66512000,9.72350731
0.66612000,9.64700724
0.66712000,9.57090153
0.66812000,9.49518861
0.66912000,9.41986692
0.67012000,9.34493493
0.67112000,9.27039108
0.67212000,9.19623386
0.67312000,9.12246173
0.67412000,9.04907318
0.67512000,8.97606670
0.67612000,8.90344079
0.67712000,8.83119396
0.67812000,8.75932471
0.67912000,8.68783157
0.68012000,8.61671306
0.68112000,8.54596772
0.68212000,8.47559410
0.68312000,8.40559073
0.68412000,8.33595619
0.68512000,8.26668902
0.68612000,8.19778780
0.68712000,8.12925111
0.68812000,8.06107753
0.68912000,7.99326565
0.69012000,7.92581407
0.69112000,7.85872140
0.69212000,7.79198623
0.69312000,7.72560720
0.69412000,7.65958293
0.69512000,7.59391204
0.69612000,7.52859318
0.69712000,7.46362499
0.69812000,7.39900612
0.69912000,7.33473522
0.70012000,7.27081097
0.70112000,7.20723203
0.70212000,7.14399707
0.70312000,7.08110478
0.70412000,7.01855386
0.70512000,6.95634298
0.70612000,6.89447087
0.70712000,6.83293621
0.70812000,6.77173774
0.70912000,6.71087416
0.71012000,6.65034420
0.71112000,6.59014660
0.71212000,6.53028009
0.71312000,6.47074342
0.71412000,6.41153534
0.71512000,6.35265460
0.71612000,6.29409997
0.71712000,6.23587021
0.71812000,6.17796410
0.71912000,6.12038041
0.72012000,6.06311793
0.72112000,6.00617545
0.72212000,5.94955178
0.72312000,5.89324570
0.72412000,5.83725603
0.72512000,5.78158158
0.72612000,5.72622117
0.72712000,5.67117362
0.72812000,5.61643777
0.72912000,5.56201245
0.73012000,5.50789650
0.73112000,5.45408876
0.73212000,5.40058809
0.73312000,5.34739335
0.73412000,5.29450340
0.73512000,5.24191709
0.73612000,5.18963332
0.73712000,5.13765095
0.73812000,5.08596887
0.73912000,5.03458596
0.74012000,4.98350113
0.74112000,4.93271327
0.74212000,4.88222127
0.74312000,4.83202406
0.74412000,4.78212054
0.74512000,4.73250964
0.74612000,4.68319028
0.74712000,4.63416138
0.74812000,4.58542188
0.74912000,4.53697072
0.75012000,4.41911685
0.75112000,4.37250673
0.75212000,4.32616298
0.75312000,4.28008478
0.75412000,4.23427131
0.75512000,4.18872175
0.75612000,4.14343529
0.75712000,4.09841113
0.75812000,4.05364845
0.75912000,4.00914646
0.76012000,3.96490434
0.76112000,3.92092130
0.76212000,3.87719655
0.76312000,3.83372929
0.76412000,3.79051873
0.76512000,3.74756407
0.76612000,3.70486454
0.76712000,3.66241936
0.76812000,3.62022773
0.76912000,3.57828889
0.77012000,3.53660205
0.77112000,3.49516644
0.77212000,3.45398130
0.77312000,3.41304585
0.77412000,3.37235932
0.77512000,3.33192097
0.77612000,3.29173001
0.77712000,3.25178570
0.77812000,3.21208729
0.77912000,3.17263401
0.78012000,3.13342511
0.78112000,3.09445985
0.78212000,3.05573749
0.78312000,3.01725727
0.78412000,2.97901846
0.78512000,2.94102032
0.78612000,2.90326211
0.78712000,2.86574310
0.78812000,2.82846255
0.78912000,2.79141974
0.79012000,2.75461394
0.79112000,2.71804443
0.79212000,2.68171048
0.79312000,2.64561138
0.79412000,2.60974640
0.79512000,2.57411483
0.79612000,2.53871597
0.79712000,2.50354909
0.79812000,2.46861349
0.79912000,2.43390846
0.80012000,2.39943331
0.80112000,2.36518732
0.80212000,2.33116981
0.80312000,2.29738007
0.80412000,2.26381740
0.80512000,2.23048113
0.80612000,2.19737055
0.80712000,2.16448498
0.80812000,2.13182373
0.80912000,2.09938612
0.81012000,2.06717146
0.81112000,2.03517909
0.81212000,2.00340832
0.81312000,1.97185847
0.81412000,1.94052888
0.81512000,1.90941888
0.81612000,1.87852779
0.81712000,1.84785494
0.81812000,1.81739969
0.81912000,1.78716136
0.82012000,1.75713929
0.82112000,1.72733283
0.82212000,1.69774132
0.82312000,1.66836411
0.82412000,1.63920055
0.82512000,1.61024998
0.82612000,1.58151176
0.82712000,1.55298525
0.82812000,1.52466980
0.82912000,1.49656477
0.83012000,1.46866952
0.83112000,1.44098341
0.83212000,1.41350582
0.83312000,1.38623610
0.83412000,1.35917363
0.83512000,1.33231778
0.83612000,1.30566792
0.83712000,1.27922342
0.83812000,1.25298367
0.83912000,1.22694804
0.84012000,1.20111591
0.84112000,1.17548667
0.84212000,1.15005970
0.84312000,1.12483438
0.84412000,1.09981012
0.84512000,1.07498629
0.84612000,1.05036230
0.84712000,1.02593753
0.84812000,1.00171138
0.84912000,0.97768325
0.85012000,0.95385255
0.85112000,0.93021866
0.85212000,0.90678101
0.85312000,0.88353899
0.85412000,0.86049201
0.85512000,0.83763948
0.85612000,0.81498082
0.85712000,0.79251544
0.85812000,0.77024274
0.85912000,0.74816216
0.86012000,0.72627310
0.86112000,0.70457500
0.86212000,0.68306727
0.86312000,0.66174933
0.86412000,0.64062062
0.86512000,0.61968056
0.86612000,0.59892859
0.86712000,0.57836412
0.86812000,0.55798661
0.86912000,0.53779547
0.87012000,0.51779016
0.87112000,0.49797011
0.87212000,0.47833475
0.87312000,0.45888354
0.87412000,0.43961591
0.87512000,0.42053132
0.87612000,0.40162920
0.87712000,0.38290901
0.87812000,0.36437021
0.87912000,0.34601223
0.88012000,0.32783454
0.88112000,0.30983660
0.88212000,0.29201786
0.88312000,0.27437778
0.88412000,0.25691582
0.88512000,0.23963145
0.88612000,0.22252413
0.88712000,0.20559332
0.88812000,0.18883850
0.88912000,0.17225913
0.89012000,0.15585469
0.89112000,0.13962465
0.89212000,0.12356848
0.89312000,0.10768566
0.89412000,0.09197566
0.89512000,0.07643798
0.89612000,0.06107208
0.89712000,0.04587745
0.89812000,0.03085358
0.89912000,0.01599994
0.90012000,0.00131604
0.90112000,-0.01319865
0.90212000,-0.02754462
0.90312000,-0.04172240
0.90412000,-0.05573248
0.90512000,-0.06957538
0.90612000,-0.08325158
0.90712000,-0.09676160
0.90812000,-0.11010594
0.90912000,-0.12328509
0.91012000,-0.13629954
0.91112000,-0.14914981
0.91212000,-0.16183637
0.91312000,-0.17435972
0.91412000,-0.18672035
0.91512000,-0.19891876
0.91612000,-0.21095542
0.91712000,-0.22283083
0.91812000,-0.23454546
0.91912000,-0.24609981
0.92012000,-0.25749435
0.92112000,-0.26872957
0.92212000,-0.27980594
0.92312000,-0.29072394
0.92412000,-0.30148404
0.92512000,-0.31208673
0.92612000,-0.32253246
0.92712000,-0.33282173
0.92812000,-0.34295498
0.92912000,-0.35293270
0.93012000,-0.36275535
0.93112000,-0.37242340
0.93212000,-0.38193730
0.93312000,-0.39129753
0.93412000,-0.40050454
0.93512000,-0.40955880
0.93612000,-0.41846075
0.93712000,-0.42721087
0.93812000,-0.43580960
0.93912000,-0.44425740
0.94012000,-0.45255473
0.94112000,-0.46070203
0.94212000,-0.46869975
0.94312000,-0.47654834
0.94412000,-0.48424826
0.94512000,-0.49179994
0.94612000,-0.49920383
0.94712000,-0.50646038
0.94812000,-0.51357003
0.94912000,-0.52053321
0.95012000,-0.52735036
0.95112000,-0.53402194
0.95212000,-0.54054836
0.95312000,-0.54693007
0.95412000,-0.55316750
0.95512000,-0.55926108
0.95612000,-0.56521124
0.95712000,-0.57101843
0.95812000,-0.57668305
0.95912000,-0.58220554
0.96012000,-0.58758633
0.96112000,-0.59282584
0.96212000,-0.59792450
0.96312000,-0.60288272
0.96412000,-0.60770094
0.96512000,-0.61237955
0.96612000,-0.61691900
0.96712000,-0.62131969
0.96812000,-0.62558203
0.96912000,-0.62970646
0.97012000,-0.63369336
0.97112000,-0.63754317
0.97212000,-0.64125629
0.97312000,-0.64483312
0.97412000,-0.64827409
0.97512000,-0.65157959
0.97612000,-0.65475003
0.97712000,-0.65778582
0.97812000,-0.66068735
0.97912000,-0.66345504
0.98012000,-0.66608928
0.98112000,-0.66859047
0.98212000,-0.67095902
0.98312000,-0.67319531
0.98412000,-0.67529974
0.98512000,-0.67727272
0.98612000,-0.67911463
0.98712000,-0.68082586
0.98812000,-0.68240682
0.98912000,-0.68385788
0.99012000,-0.68517944
0.99112000,-0.68637188
0.99212000,-0.68743559
0.99312000,-0.68837097
0.99412000,-0.68917838
0.99512000,-0.68985822
0.99612000,-0.69041086
0.99712000,-0.69083670
0.99812000,NaN
0.99912000,NaN
1.00012000,NaN
1.00112000,NaN
1.00212000,NaN
1.00312000,-0.69074985
1.00412000,-0.69029857
1.00512000,-0.68972349
1.00612000,-0.68902498
1.00712000,-0.68820340
1.00812000,-0.68725913
1.00912000,-0.68619253
1.01012000,-0.68500397
1.01112000,-0.68369381
1.01212000,-0.68226242
1.01312000,-0.68071017
1.01412000,-0.67903740
1.01512000,-0.67724449
1.01612000,-0.67533180
1.01712000,-0.67329968
1.01812000,-0.67114849
1.01912000,-0.66887859
1.02012000,-0.66649033
1.02112000,-0.66398407
1.02212000,-0.66136016
1.02312000,-0.65861896
1.02412000,-0.65576081
1.02512000,-0.65278607
1.02612000,-0.64969508
1.02712000,-0.64648820
1.02812000,-0.64316577
1.02912000,-0.63972814
1.03012000,-0.63617564
1.03112000,-0.63250864
1.03212000,-0.62872747
1.03312000,-0.62483246
1.03412000,-0.62082397
1.03512000,-0.61670234
1.03612000,-0.61246790
1.03712000,-0.60812098
1.03812000,-0.60366194
1.03912000,-0.59909110
1.04012000,-0.59440880
1.04112000,-0.58961537
1.04212000,-0.58471115
1.04312000,-0.57969647
1.04412000,-0.57457166
1.04512000,-0.56933704
1.04612000,-0.56399296
1.04712000,-0.55853974
1.04812000,-0.55297770
1.04912000,-0.54730717
1.05012000,-0.54152847
1.05112000,-0.53564194
1.05212000,-0.52964789
1.05312000,-0.52354665
1.05412000,-0.51733854
1.05512000,-0.51102388
1.05612000,-0.50460299
1.05712000,-0.49807618
1.05812000,-0.49144378
1.05912000,-0.48470610
1.06012000,-0.47786346
1.06112000,-0.47091617
1.06212000,-0.46386455
1.06312000,-0.45670891
1.06412000,-0.44944956
1.06512000,-0.44208682
1.06612000,-0.43462099
1.06712000,-0.42705238
1.06812000,-0.41938131
1.06912000,-0.41160807
1.07012000,-0.40373299
1.07112000,-0.39575635
1.07212000,-0.38767847
1.07312000,-0.37949966
1.07412000,-0.37122021
1.07512000,-0.36284042
1.07612000,-0.35436061
1.07712000,-0.34578106
1.07812000,-0.33710208
1.07912000,-0.32832397
1.08012000,-0.31944703
1.08112000,-0.31047155
1.08212000,-0.30139782
1.08312000,-0.29222615
1.08412000,-0.28295683
1.08512000,-0.27359015
1.08612000,-0.26412641
1.08712000,-0.25456589
1.08812000,-0.24490889
1.08912000,-0.23515569
1.09012000,-0.22530660
1.09112000,-0.21536189
1.09212000,-0.20532185
1.09312000,-0.19518677
1.09412000,-0.18495694
1.09512000,-0.17463264
1.09612000,-0.16421416
1.09712000,-0.15370177
1.09812000,-0.14309577
1.09912000,-0.13239643
1.10012000,-0.12160403
1.10112000,-0.11071886
1.10212000,-0.09974119
1.10312000,-0.08867131
1.10412000,-0.07750948
1.10512000,-0.06625600
1.10612000,-0.05491112
1.10712000,-0.04347514
1.10812000,-0.03194832
1.10912000,-0.02033094
1.11012000,-0.00862326
1.11112000,0.00317443
1.11212000,0.01506187
1.11312000,0.02703878
1.11412000,0.03910490
1.11512000,0.05125995
1.11612000,0.06350367
1.11712000,0.07583580
1.11812000,0.08825605
1.11912000,0.10076418
1.12012000,0.11335991
1.12112000,0.12604298
1.12212000,0.13881312
1.12312000,0.15167007
1.12412000,0.16461358
1.12512000,0.17764337
1.12612000,0.19075919
1.12712000,0.20396078
1.12812000,0.21724787
1.12912000,0.23062022
1.13012000,0.24407756
1.13112000,0.25761964
1.13212000,0.27124619
1.13312000,0.28495697
1.13412000,0.29875172
1.13512000,0.31263019
1.13612000,0.32659212
1.13712000,0.34063725
1.13812000,0.35476535
1.13912000,0.36897615
1.14012000,0.38326941
1.14112000,0.39764488
1.14212000,0.41210230
1.14312000,0.42664144
1.14412000,0.44126204
1.14512000,0.45596385
1.14612000,0.47074663
1.14712000,0.48561014
1.14812000,0.50055413
1.14912000,0.51557835
1.15012000,0.53068257
1.15112000,0.54586653
1.15212000,0.56113001
1.15312000,0.57647275
1.15412000,0.59189452
1.15512000,0.60739507
1.15612000,0.62297417
1.15712000,0.63863159
1.15812000,0.65436707
1.15912000,0.67018039
1.16012000,0.68607130
1.16112000,0.70203958
1.16212000,0.71808499
1.16312000,0.73420728
1.16412000,0.75040624
1.16512000,0.76668163
1.16612000,0.78303320
1.16712000,0.79946075
1.16812000,0.81596402
1.16912000,0.83254279
1.17012000,0.84919683
1.17112000,0.86592592
1.17212000,0.88272982
1.17312000,0.89960830
1.17412000,0.91656115
1.17512000,0.93358812
1.17612000,0.95068900
1.17712000,0.96786357
1.17812000,0.98511159
1.17912000,1.00243284
1.18012000,1.01982710
1.18112000,1.03729415
1.18212000,1.05483377
1.18312000,1.07244572
1.18412000,1.09012980
1.18512000,1.10788579
1.18612000,1.12571345
1.18712000,1.14361258
1.18812000,1.16158296
1.18912000,1.17962436
1.19012000,1.19773658
1.19112000,1.21591939
1.19212000,1.23417258
1.19312000,1.25249593
1.19412000,1.27088924
1.19512000,1.28935227
1.19612000,1.30788483
1.19712000,1.32648670
1.19812000,1.34515767
1.19912000,1.36389752
1.20012000,1.38270605
1.20112000,1.40158304
1.20212000,1.42052829
1.20312000,1.43954158
1.20412000,1.45862270
1.20512000,1.47777146
1.20612000,1.49698764
1.20712000,1.51627103
1.20812000,1.53562143
1.20912000,1.55503863
1.21012000,1.57452243
1.21112000,1.59407262
1.21212000,1.61368901
1.21312000,1.63337137
1.21412000,1.65311952
1.21512000,1.67293325
1.21612000,1.69281236
1.21712000,1.71275665
1.21812000,1.73276592
1.21912000,1.75283996
1.22012000,1.77297858
1.22112000,1.79318158
1.22212000,1.81344876
1.22312000,1.83377993
1.22412000,1.85417488
1.22512000,1.87463342
1.22612000,1.89515535
1.22712000,1.91574049
1.22812000,1.93638862
1.22912000,1.95709956
1.23012000,1.97787312
1.23112000,1.99870910
1.23212000,2.01960731
1.23312000,2.04056756
1.23412000,2.06158965
1.23512000,2.08267339
1.23612000,2.10381860
1.23712000,2.12502508
1.23812000,2.14629264
1.23912000,2.16762110
1.24012000,2.18901026
1.24112000,2.21045995
1.24212000,2.23196996
1.24312000,2.25354011
1.24412000,2.27517023
1.24512000,2.29686011
1.24612000,2.31860958
1.24712000,2.34041845
1.24812000,2.36228654
1.24912000,2.38421366
1.25012000,2.40619963
1.25112000,2.42824427
1.25212000,2.45034739
1.25312000,2.47250882
1.25412000,2.49472836
1.25512000,2.51700585
1.25612000,2.53934110
1.25712000,2.56173393
1.25812000,2.58418416
1.25912000,2.60669161
1.26012000,2.62925611
1.26112000,2.65187748
1.26212000,2.67455553
1.26312000,2.69729010
1.26412000,2.72008100
1.26512000,2.74292807
1.26612000,2.76583112
1.26712000,2.78878998
1.26812000,2.81180448
1.26912000,2.83487444
1.27012000,2.85799969
1.27112000,2.88118005
1.27212000,2.90441536
1.27312000,2.92770545
1.27412000,2.95105013
1.27512000,2.97444924
1.27612000,2.99790261
1.27712000,3.02141007
1.27812000,3.04497145
1.27912000,3.06858658
1.28012000,3.09225530
1.28112000,3.11597742
1.28212000,3.13975280
1.28312000,3.16358125
1.28412000,3.18746261
1.28512000,3.21139672
1.28612000,3.23538341
1.28712000,3.25942251
1.28812000,3.28351387
1.28912000,3.30765731
1.29012000,3.33185267
1.29112000,3.35609979
1.29212000,3.38039850
1.29312000,3.40474865
1.29412000,3.42915006
1.29512000,3.45360259
1.29612000,3.47810606
1.29712000,3.50266031
1.29812000,3.52726520
1.29912000,3.55192055
1.30012000,3.57662620
1.30112000,3.60138200
1.30212000,3.62618779
1.30312000,3.65104341
1.30412000,3.67594870
1.30512000,3.70090351
1.30612000,3.72590768
1.30712000,3.75096105
1.30812000,3.77606346
1.30912000,3.80121476
1.31012000,3.82641480
1.31112000,3.85166342
1.31212000,3.87696047
1.31312000,3.90230578
1.31412000,3.92769922
1.31512000,3.95314062
1.31612000,3.97862983
1.31712000,4.00416671
1.31812000,4.02975109
1.31912000,4.05538283
1.32012000,4.08106178
1.32112000,4.10678778
1.32212000,4.13256069
1.32312000,4.15838036
1.32412000,4.18424663
1.32512000,4.21015936
1.32612000,4.23611840
1.32712000,4.26212360
1.32812000,4.28817481
1.32912000,4.31427189
1.33012000,4.34041470
1.33112000,4.36660307
1.33212000,4.39283687
1.33312000,4.41911595
1.33412000,4.44544017
1.33512000,4.54294636
1.33612000,4.57009139
1.33712000,4.59728612
1.33812000,4.62453042
1.33912000,4.65182416
1.34012000,4.67916721
1.34112000,4.70655945
1.34212000,4.73400076
1.34312000,4.76149099
1.34412000,4.78903003
1.34512000,4.81661775
1.34612000,4.84425403
1.34712000,4.87193874
1.34812000,4.89967175
1.34912000,4.92745294
1.35012000,4.95528219
1.35112000,4.98315937
1.35212000,5.01108436
1.35312000,5.03905704
1.35412000,5.06707728
1.35512000,5.09514495
1.35612000,5.12325995
1.35712000,5.15142214
1.35812000,5.17963141
1.35912000,5.20788763
1.36012000,5.23619068
1.36112000,5.26454045
1.36212000,5.29293680
1.36312000,5.32137963
1.36412000,5.34986881
1.36512000,5.37840422
1.36612000,5.40698575
1.36712000,5.43561327
1.36812000,5.46428667
1.36912000,5.49300583
1.37012000,5.52177063
1.37112000,5.55058095
1.37212000,5.57943668
1.37312000,5.60833770
1.37412000,5.63728390
1.37512000,5.66627515
1.37612000,5.69531135
1.37712000,5.72439237
1.37812000,5.75351811
1.37912000,5.78268844
1.38012000,5.81190326
1.38112000,5.84116244
1.38212000,5.87046588
1.38312000,5.89981346
1.38412000,5.92920507
1.38512000,5.95864059
1.38612000,5.98811991
1.38712000,6.01764293
1.38812000,6.04720952
1.38912000,6.07681958
1.39012000,6.10647299
1.39112000,6.13616964
1.39212000,6.16590943
1.39312000,6.19569224
1.39412000,6.22551796
1.39512000,6.25538649
1.39612000,6.28529770
1.39712000,6.31525150
1.39812000,6.34524777
1.39912000,6.37528641
1.40012000,6.40536730
1.40112000,6.43549034
1.40212000,6.46565542
1.40312000,6.49586244
1.40412000,6.52611127
1.40512000,6.55640183
1.40612000,6.58673400
1.40712000,6.61710767
1.40812000,6.64752274
1.40912000,6.67797910
1.41012000,6.70847665
1.41112000,6.73901528
1.41212000,6.76959489
1.41312000,6.80021537
1.41412000,6.83087661
1.41512000,6.86157852
1.41612000,6.89232098
1.41712000,6.92310391
1.41812000,6.95392718
1.41912000,6.98479070
1.42012000,7.01569436
1.42112000,7.04663807
1.42212000,7.07762172
1.42312000,7.10864520
1.42412000,7.13970842
1.42512000,7.17081128
1.42612000,7.20195367
1.42712000,7.23313549
1.42812000,7.26435664
1.42912000,7.29561702
1.43012000,7.32691654
1.43112000,7.35825508
1.43212000,7.38963256
1.43312000,7.42104886
1.43412000,7.45250390
1.43512000,7.48399757
1.43612000,7.51552977
1.43712000,7.54710041
1.43812000,7.57870939
1.43912000,7.61035661
1.44012000,7.64204197
1.44112000,7.67376537
1.44212000,7.70552672
1.44312000,7.73732592
1.44412000,7.76916288
1.44512000,7.80103749
1.44612000,7.83294966
1.44712000,7.86489929
1.44812000,7.89688630
1.44912000,7.92891058
1.45012000,7.96097204
1.45112000,7.99307058
1.45212000,8.02520611
1.45312000,8.05737853
1.45412000,8.08958776
1.45512000,8.12183369
1.45612000,8.15411623
1.45712000,8.18643529
1.45812000,8.21879078
1.45912000,8.25118259
1.46012000,8.28361065
1.46112000,8.31607486
1.46212000,8.34857512
1.46312000,8.38111134
1.46412000,8.41368343
1.46512000,8.44629130
1.46612000,8.47893486
1.46712000,8.51161402
1.46812000,8.54432868
1.46912000,8.57707875
1.47012000,8.60986415
1.47112000,8.64268478
1.47212000,8.67554056
1.47312000,8.70843139
1.47412000,8.74135719
1.47512000,8.77431786
1.47612000,8.80731331
1.47712000,8.84034347
1.47812000,8.87340823
1.47912000,8.90650751
1.48012000,8.93964123
1.48112000,8.97280928
1.48212000,9.00601160
1.48312000,9.03924808
1.48412000,9.07251864
1.48512000,9.10582320
1.48612000,9.13916166
1.48712000,9.17253395
1.48812000,9.20593997
1.48912000,9.23937963
1.49012000,9.27285286
1.49112000,9.30635956
1.49212000,9.33989966
1.49312000,9.37347305
1.49412000,9.40707967
1.49512000,9.44071942
1.49612000,9.47439223
1.49712000,9.50809799
1.49812000,9.54183664
1.49912000,9.57560809
1.50012000,9.60941224
1.50112000,9.64324903
1.50212000,9.67711836
1.50312000,9.71102016
1.50412000,9.74495433
1.50512000,9.77892080
1.50612000,9.81291949
1.50712000,9.84695030
1.50812000,9.88101317
1.50912000,9.91510800
1.51012000,9.94923471
1.51112000,9.98339323
1.51212000,10.01758347
1.51312000,10.05180535
1.51412000,10.08605880
1.51512000,10.12034372
1.51612000,10.15466003
1.51712000,10.18900767
1.51812000,10.22338654
1.51912000,10.25779657
1.52012000,10.29223768
1.52112000,10.32670978
1.52212000,10.36121281
1.52312000,10.39574667
1.52412000,10.43031129
1.52512000,10.46490659
1.52612000,10.49953250
1.52712000,10.53418892
1.52812000,10.56887580
1.52912000,10.60359304
1.53012000,10.63834057
1.53112000,10.67311831
1.53212000,10.70792618
1.53312000,10.74276411
1.53412000,10.77763203
1.53512000,10.81252984
1.53612000,10.84745748
1.53712000,10.88241486
1.53812000,10.91740192
1.53912000,10.95241858
1.54012000,10.98746476
1.54112000,11.02254038
1.54212000,11.05764537
1.54312000,11.09277965
1.54412000,11.12794315
1.54512000,11.16313579
1.54612000,11.19835750
1.54712000,11.23360820
1.54812000,11.26888782
1.54912000,11.30419629
1.55012000,11.33953352
1.55112000,11.37489945
1.55212000,11.41029400
1.55312000,11.44571710
1.55412000,11.48116867
1.55512000,11.51664865
1.55612000,11.55215695
1.55712000,11.58769350
1.55812000,11.62325824
1.55912000,11.65885109
1.56012000,11.69447197
1.56112000,11.73012082
1.56212000,11.76579756
1.56312000,11.80150212
1.56412000,11.83723442
1.56512000,11.87299441
1.56612000,11.90878200
1.56712000,11.94459712
1.56812000,11.98043971
1.56912000,12.01630969
1.57012000,12.05220699
1.57112000,12.08813154
1.57212000,12.12408327
1.57312000,12.16006212
1.57412000,12.19606800
1.57512000,12.23210085
1.57612000,12.26816060
1.57712000,12.30424718
1.57812000,12.34036052
1.57912000,12.37650055
1.58012000,12.41266721
1.58112000,12.44886042
1.58212000,12.48508012
1.58312000,12.52132623
1.58412000,12.55759869
1.58512000,12.59389742
1.58612000,12.63022237
1.58712000,12.66657347
1.58812000,12.70295063
1.58912000,12.73935381
1.59012000,12.77578293
1.59112000,12.81223792
1.59212000,12.84871871
1.59312000,12.88522524
1.59412000,12.92175745
1.59512000,12.95831526
1.59612000,12.99489861
1.59712000,13.03150743
1.59812000,13.06814166
1.59912000,13.10480123
1.60012000,13.14148607
1.60112000,13.17819612
1.60212000,13.21493131
1.60312000,13.25169158
1.60412000,13.28847686
1.60512000,13.32528709
1.60612000,13.36212219
1.60712000,13.39898212
1.60812000,13.43586680
1.60912000,13.47277616
1.61012000,13.50971015
1.61112000,13.54666870
1.61212000,13.58365174
1.61312000,13.62065921
1.61412000,13.65769105
1.61512000,13.69474719
1.61612000,13.73182757
1.61712000,13.76893213
1.61812000,13.80606080
1.61912000,13.84321351
1.62012000,13.88039022
1.62112000,13.91759085
1.62212000,13.95481535
1.62312000,13.99206364
1.62412000,14.02933566
1.62512000,14.06663137
1.62612000,14.10395068
1.62712000,14.14129355
1.62812000,14.17865990
1.62912000,14.21604968
1.63012000,14.25346283
1.63112000,14.29089928
1.63212000,14.32835897
1.63312000,14.36584185
1.63412000,14.40334785
1.63512000,14.44087690
1.63612000,14.47842896
1.63712000,14.51600395
1.63812000,14.55360183
1.63912000,14.59122252
1.64012000,14.62886597
1.64112000,14.66653212
1.64212000,14.70422090
1.64312000,14.74193227
1.64412000,14.77966615
1.64512000,14.81742250
1.64612000,14.85520124
1.64712000,14.89300233
1.64812000,14.93082570
1.64912000,14.96867129
1.65012000,15.00653904
1.65112000,15.04442891
1.65212000,15.08234082
1.65312000,15.12027472
1.65412000,15.15823055
1.65512000,15.19620825
1.65612000,15.23420777
1.65712000,15.27222904
1.65812000,15.31027202
1.65912000,15.34833663
1.66012000,15.38642284
1.66112000,15.42453056
1.66212000,15.46265976
1.66312000,15.50081037
1.66412000,15.53898234
1.66512000,15.57717561
1.66612000,15.61539012
1.66712000,15.65362581
1.66812000,15.69188264
1.66912000,15.73016054
1.67012000,15.76845945
1.67112000,15.80677933
1.67212000,15.84512011
1.67312000,15.88348175
1.67412000,15.92186417
1.67512000,15.96026734
1.67612000,15.99869118
1.67712000,16.03713566
1.67812000,16.07560071
1.67912000,16.11408627
1.68012000,16.15259230
1.68112000,16.19111874
1.68212000,16.22966553
1.68312000,16.26823262
1.68412000,16.30681995
1.68512000,16.34542748
1.68612000,16.38405514
1.68712000,16.42270288
1.68812000,16.46137065
1.68912000,16.50005839
1.69012000,16.53876605
1.69112000,16.57749359
1.69212000,16.61624093
1.69312000,16.65500804
1.69412000,16.69379485
1.69512000,16.73260131
1.69612000,16.77142738
1.69712000,16.81027300
1.69812000,16.84913811
1.69912000,16.88802266
1.70012000,16.92692660
1.70112000,16.96584988
1.70212000,17.00479245
1.70312000,17.04375425
1.70412000,17.08273523
1.70512000,17.12173534
1.70612000,17.16075453
1.70712000,17.19979275
1.70812000,17.23884994
1.70912000,17.27792605
1.71012000,17.31702103
1.71112000,17.35613484
1.71212000,17.39526741
1.71312000,17.43441871
1.71412000,17.47358867
1.71512000,17.51277724
1.71612000,17.55198438
1.71712000,17.59121004
1.71812000,17.63045416
1.71912000,17.66971670
1.72012000,17.70899760
1.72112000,17.74829682
1.72212000,17.78761430
1.72312000,17.82694999
1.72412000,17.86630385
1.72512000,17.90567582
1.72612000,17.94506586
1.72712000,17.98447392
1.72812000,18.02389994
1.72912000,18.06334388
1.73012000,18.10280568
1.73112000,18.14228531
1.73212000,18.18178270
1.73312000,18.22129782
1.73412000,18.26083061
1.73512000,18.30038103
1.73612000,18.33994902
1.73712000,18.37953453
1.73812000,18.41913753
1.73912000,18.45875795
1.74012000,18.49839576
1.74112000,18.53805091
1.74212000,18.57772334
1.74312000,18.61741300
1.74412000,18.65711986
1.74512000,18.69684387
1.74612000,18.73658497
1.74712000,18.77634312
1.74812000,18.81611827
1.74912000,18.85591038
1.75012000,18.89571939
1.75112000,18.93554526
1.75212000,18.97538795
1.75312000,19.01524741
1.75412000,19.05512358
1.75512000,19.09501643
1.75612000,19.13492591
1.75712000,19.17485197
1.75812000,19.21479456
1.75912000,19.25475364
1.76012000,19.29472916
1.76112000,19.33472109
1.76212000,19.37472936
1.76312000,19.41475393
1.76412000,19.45479477
1.76512000,19.49485182
1.76612000,19.53492504
1.76712000,19.57501438
1.76812000,19.61511980
1.76912000,19.65524126
1.77012000,19.69537870
1.77112000,19.73553208
1.77212000,19.77570136
1.77312000,19.81588650
1.77412000,19.85608744
1.77512000,19.89630415
1.77612000,19.93653658
1.77712000,19.97678468
1.77812000,20.01704841
1.77912000,20.05732773
1.78012000,20.09762260
1.78112000,20.13793296
1.78212000,20.17825877
1.78312000,20.21860000
1.78412000,20.25895659
1.78512000,20.29932851
1.78612000,20.33971571
1.78712000,20.38011814
1.78812000,20.42053577
1.78912000,20.46096855
1.79012000,20.50141643
1.79112000,20.54187938
1.79212000,20.58235734
1.79312000,20.62285029
1.79412000,20.66335817
1.79512000,20.70388094
1.79612000,20.74441857
1.79712000,20.78497100
1.79812000,20.82553819
1.79912000,20.86612011
1.80012000,20.90671671
1.80112000,20.94732794
1.80212000,20.98795377
1.80312000,21.02859416
1.80412000,21.06924905
1.80512000,21.10991842
1.80612000,21.15060222
1.80712000,21.19130040
1.80812000,21.23201293
1.80912000,21.27273976
1.81012000,21.31348085
1.81112000,21.35423617
1.81212000,21.39500566
1.81312000,21.43578929
1.81412000,21.47658703
1.81512000,21.51739882
1.81612000,21.55822462
1.81712000,21.59906440
1.81812000,21.63991812
1.81912000,21.68078572
1.82012000,21.72166719
1.82112000,21.76256246
1.82212000,21.80347151
1.82312000,21.84439429
1.82412000,21.88533076
1.82512000,21.92628089
1.82612000,21.96724463
1.82712000,22.00822194
1.82812000,22.04921278
1.82912000,22.09021712
1.83012000,22.13123490
1.83112000,22.17226611
1.83212000,22.21331068
1.83312000,22.25436859
1.83412000,22.29543980
1.83512000,22.33652426
1.83612000,22.37762194
1.83712000,22.41873280
1.83812000,22.45985679
1.83912000,22.50099389
1.84012000,22.54214404
1.84112000,22.58330722
1.84212000,22.62448339
1.84312000,22.66567249
1.84412000,22.70687451
1.84512000,22.74808939
1.84612000,22.78931710
1.84712000,22.83055760
1.84812000,22.87181086
1.84912000,22.91307683
1.85012000,22.95435548
1.85112000,22.99564677
1.85212000,23.03695066
1.85312000,23.07826711
1.85412000,23.11959609
1.85512000,23.16093755
1.85612000,23.20229147
1.85712000,23.24365780
1.85812000,23.28503650
1.85912000,23.32642754
1.86012000,23.36783089
1.86112000,23.40924649
1.86212000,23.45067433
1.86312000,23.49211435
1.86412000,23.53356653
1.86512000,23.57503082
1.86612000,23.61650719
1.86712000,23.65799561
1.86812000,23.69949603
1.86912000,23.74100841
1.87012000,23.78253273
1.87112000,23.82406895
1.87212000,23.86561703
1.87312000,23.90717693
1.87412000,23.94874862
1.87512000,23.99033206
1.87612000,24.03192721
1.87712000,24.07353404
1.87812000,24.11515252
1.87912000,24.15678260
1.88012000,24.19842426
1.88112000,24.24007745
1.88212000,24.28174215
1.88312000,24.32341830
1.88412000,24.36510589
1.88512000,24.40680487
1.88612000,24.44851521
1.88712000,24.49023687
1.88812000,24.53196982
1.88912000,24.57371403
1.89012000,24.61546945
1.89112000,24.65723606
1.89212000,24.69901381
1.89312000,24.74080268
1.89412000,24.78260263
1.89512000,24.82441362
1.89612000,24.86623562
1.89712000,24.90806860
1.89812000,24.94991251
1.89912000,24.99176734
1.90012000,25.03363303
1.90112000,25.07550957
1.90212000,25.11739690
1.90312000,25.15929501
1.90412000,25.20120385
1.90512000,25.24312339
1.90612000,25.28505360
1.90712000,25.32699444
1.90812000,25.36894589
1.90912000,25.41090790
1.91012000,25.45288044
1.91112000,25.49486348
1.91212000,25.53685699
1.91312000,25.57886093
1.91412000,25.62087526
1.91512000,25.66289997
1.91612000,25.70493500
1.91712000,25.74698034
1.91812000,25.78903594
1.91912000,25.83110177
1.92012000,25.87317781
1.92112000,25.91526401
1.92212000,25.95736034
1.92312000,25.99946678
1.92412000,26.04158329
1.92512000,26.08370983
1.92612000,26.12584638
1.92712000,26.16799290
1.92812000,26.21014935
1.92912000,26.25231572
1.93012000,26.29449195
1.93112000,26.33667803
1.93212000,26.37887392
1.93312000,26.42107959
1.93412000,26.46329501
1.93512000,26.50552013
1.93612000,26.54775494
1.93712000,26.58999940
1.93812000,26.63225348
1.93912000,26.67451715
1.94012000,26.71679037
1.94112000,26.75907311
1.94212000,26.80136535
1.94312000,26.84366704
1.94412000,26.88597817
1.94512000,26.92829869
1.94612000,26.97062858
1.94712000,27.01296781
1.94812000,27.05531634
1.94912000,27.09767414
1.95012000,27.14004119
1.95112000,27.18241744
1.95212000,27.22480288
